l-0	41	154	1000
l-1	50	49	1100
l-2	9	548	1200
l-3	12	596	1300
l-4	7	519	1400
l-5	27	88	1500
l-6	55	71	1600
l-7	30	564	1700
l-8	54	846	1800
l-9	72	970	1900
l-10	28	642	2000
l-11	74	63	2100
l-12	73	406	2200
l-13	6	226	2300
l-14	5	879	2400
l-15	17	429	2500
l-16	18	120	2600
l-17	73	573	2700
l-18	87	105	2800
l-19	74	654	2900
l-20	24	99	3000
l-21	70	64	3100
l-22	72	633	3200
l-23	26	696	3300
l-24	68	795	3400
l-25	40	599	3500
l-26	58	306	3600
l-27	31	184	3700
l-28	89	249	3800
l-29	10	307	3900
l-30	67	896	4000
l-31	43	459	4100
l-32	36	74	4200
l-33	15	428	4300
l-34	21	350	4400
l-35	19	500	4500
l-36	53	985	4600
l-37	85	782	4700
l-38	71	808	4800
l-39	40	711	4900
l-40	44	508	5000
l-41	74	467	5100
l-42	8	95	5200
l-43	34	713	5300
l-44	85	62	5400
l-45	93	317	5500
l-46	82	697	5600
l-47	57	733	5700
l-48	49	684	5800
l-49	44	963	5900
l-50	59	172	6000
l-51	78	505	6100
l-52	7	786	6200
l-53	36	756	6300
l-54	31	400	6400
l-55	63	170	6500
l-56	57	562	6600
l-57	35	140	6700
l-58	55	563	6800
l-59	35	425	6900
l-60	45	905	7000
l-61	48	236	7100
l-62	19	180	7200
l-63	19	674	7300
l-64	29	496	7400
l-65	75	269	7500
l-66	36	149	7600
l-67	53	378	7700
l-68	78	326	7800
l-69	16	879	7900
l-70	65	632	8000
l-71	83	757	8100
l-72	6	921	8200
l-73	99	895	8300
l-74	87	572	8400
l-75	50	408	8500
l-76	50	493	8600
l-77	81	63	8700
l-78	24	213	8800
l-79	56	112	8900
l-80	43	53	9000
l-81	13	580	9100
l-82	19	103	9200
l-83	46	26	9300
l-84	9	212	9400
l-85	78	152	9500
l-86	81	978	9600
l-87	44	372	9700
l-88	60	118	9800
l-89	62	491	9900
l-90	61	87	10000
l-91	18	767	10100
l-92	43	271	10200
l-93	61	708	10300
l-94	20	23	10400
l-95	26	974	10500
l-96	67	150	10600
l-97	88	936	10700
l-98	3	540	10800
l-99	38	884	10900
l-100	11	865	11000
l-101	33	375	11100
l-102	21	790	11200
l-103	28	554	11300
l-104	99	337	11400
l-105	81	627	11500
l-106	97	199	11600
l-107	30	410	11700
l-108	94	232	11800
l-109	25	504	11900
l-110	45	29	12000
l-111	3	286	12100
l-112	60	198	12200
l-113	88	979	12300
l-114	44	827	12400
l-115	92	977	12500
l-116	46	225	12600
l-117	13	481	12700
l-118	25	209	12800
l-119	61	921	12900
l-120	78	1	13000
l-121	61	668	13100
l-122	44	658	13200
l-123	10	676	13300
l-124	15	397	13400
l-125	91	204	13500
l-126	61	182	13600
l-127	55	651	13700
l-128	42	820	13800
l-129	92	474	13900
l-130	51	969	14000
l-131	10	162	14100
l-132	21	28	14200
l-133	19	926	14300
l-134	59	671	14400
l-135	18	846	14500
l-136	76	673	14600
l-137	44	561	14700
l-138	70	21	14800
l-139	1	994	14900
l-140	92	105	15000
l-141	67	956	15100
l-142	17	892	15200
l-143	24	894	15300
l-144	27	257	15400
l-145	27	513	15500
l-146	30	600	15600
l-147	41	557	15700
l-148	53	134	15800
l-149	7	757	15900
l-150	45	469	16000
l-151	84	834	16100
l-152	66	846	16200
l-153	64	544	16300
l-154	19	522	16400
l-155	2	450	16500
l-156	99	623	16600
l-157	0	818	16700
l-158	19	144	16800
l-159	60	742	16900
l-160	15	63	17000
l-161	41	530	17100
l-162	67	494	17200
l-163	99	904	17300
l-164	71	254	17400
l-165	24	43	17500
l-166	98	519	17600
l-167	57	28	17700
l-168	97	934	17800
l-169	8	333	17900
l-170	78	517	18000
l-171	77	204	18100
l-172	88	463	18200
l-173	65	826	18300
l-174	61	964	18400
l-175	31	535	18500
l-176	33	572	18600
l-177	25	458	18700
l-178	17	124	18800
l-179	50	323	18900
l-180	9	246	19000
l-181	54	217	19100
l-182	85	802	19200
l-183	15	795	19300
l-184	19	733	19400
l-185	82	374	19500
l-186	18	904	19600
l-187	17	478	19700
l-188	28	975	19800
l-189	12	906	19900
l-190	62	683	20000
l-191	28	723	20100
l-192	55	413	20200
l-193	43	200	20300
l-194	45	94	20400
l-195	92	19	20500
l-196	43	469	20600
l-197	56	18	20700
l-198	49	529	20800
l-199	79	524	20900
l-200	8	940	21000
l-201	29	897	21100
l-202	13	271	21200
l-203	34	927	21300
l-204	99	276	21400
l-205	96	839	21500
l-206	54	933	21600
l-207	86	968	21700
l-208	33	152	21800
l-209	68	527	21900
l-210	73	717	22000
l-211	41	285	22100
l-212	7	704	22200
l-213	23	916	22300
l-214	9	960	22400
l-215	2	90	22500
l-216	33	622	22600
l-217	28	270	22700
l-218	15	11	22800
l-219	43	427	22900
l-220	34	132	23000
l-221	5	726	23100
l-222	30	112	23200
l-223	20	51	23300
l-224	23	954	23400
l-225	39	312	23500
l-226	67	210	23600
l-227	37	512	23700
l-228	86	277	23800
l-229	44	18	23900
l-230	32	15	24000
l-231	2	517	24100
l-232	70	526	24200
l-233	60	957	24300
l-234	57	674	24400
l-235	83	672	24500
l-236	63	854	24600
l-237	50	518	24700
l-238	39	220	24800
l-239	29	203	24900
l-240	90	651	25000
l-241	17	355	25100
l-242	6	132	25200
l-243	1	640	25300
l-244	94	261	25400
l-245	55	56	25500
l-246	10	861	25600
l-247	48	518	25700
l-248	85	288	25800
l-249	76	709	25900
l-250	37	470	26000
l-251	23	275	26100
l-252	57	269	26200
l-253	46	336	26300
l-254	70	250	26400
l-255	4	903	26500
l-256	39	365	26600
l-257	23	343	26700
l-258	48	486	26800
l-259	35	671	26900
l-260	25	516	27000
l-261	99	93	27100
l-262	33	91	27200
l-263	18	600	27300
l-264	5	23	27400
l-265	38	644	27500
l-266	29	599	27600
l-267	67	768	27700
l-268	19	914	27800
l-269	91	900	27900
l-270	76	782	28000
l-271	41	506	28100
l-272	19	741	28200
l-273	79	148	28300
l-274	5	855	28400
l-275	91	525	28500
l-276	80	751	28600
l-277	89	517	28700
l-278	17	536	28800
l-279	96	582	28900
l-280	2	702	29000
l-281	74	914	29100
l-282	91	979	29200
l-283	88	235	29300
l-284	10	42	29400
l-285	17	369	29500
l-286	13	855	29600
l-287	57	51	29700
l-288	80	641	29800
l-289	68	250	29900
l-290	62	3	30000
l-291	58	71	30100
l-292	95	515	30200
l-293	68	675	30300
l-294	67	763	30400
l-295	94	258	30500
l-296	9	271	30600
l-297	30	774	30700
l-298	26	757	30800
l-299	83	471	30900
l-300	63	391	31000
l-301	9	932	31100
l-302	87	785	31200
l-303	5	647	31300
l-304	82	79	31400
l-305	76	339	31500
l-306	32	761	31600
l-307	88	636	31700
l-308	72	12	31800
l-309	61	497	31900
l-310	34	688	32000
l-311	12	222	32100
l-312	86	297	32200
l-313	90	292	32300
l-314	59	477	32400
l-315	98	915	32500
l-316	70	319	32600
l-317	10	484	32700
l-318	2	469	32800
l-319	9	518	32900
l-320	57	396	33000
l-321	26	968	33100
l-322	26	595	33200
l-323	11	765	33300
l-324	67	975	33400
l-325	46	617	33500
l-326	80	286	33600
l-327	14	373	33700
l-328	29	919	33800
l-329	62	25	33900
l-330	20	972	34000
l-331	62	461	34100
l-332	51	744	34200
l-333	18	352	34300
l-334	48	123	34400
l-335	42	332	34500
l-336	96	859	34600
l-337	50	962	34700
l-338	25	12	34800
l-339	94	259	34900
l-340	47	402	35000
l-341	49	603	35100
l-342	9	947	35200
l-343	54	281	35300
l-344	6	104	35400
l-345	6	677	35500
l-346	36	958	35600
l-347	19	994	35700
l-348	34	523	35800
l-349	40	791	35900
l-350	47	979	36000
l-351	54	29	36100
l-352	97	409	36200
l-353	70	208	36300
l-354	92	50	36400
l-355	93	461	36500
l-356	78	141	36600
l-357	82	293	36700
l-358	62	933	36800
l-359	70	174	36900
l-360	60	351	37000
l-361	36	261	37100
l-362	94	999	37200
l-363	83	415	37300
l-364	83	308	37400
l-365	61	684	37500
l-366	50	171	37600
l-367	82	76	37700
l-368	26	927	37800
l-369	63	225	37900
l-370	57	340	38000
l-371	97	437	38100
l-372	17	197	38200
l-373	31	178	38300
l-374	43	93	38400
l-375	40	377	38500
l-376	33	583	38600
l-377	25	20	38700
l-378	95	422	38800
l-379	49	763	38900
l-380	67	385	39000
l-381	34	770	39100
l-382	7	284	39200
l-383	73	368	39300
l-384	16	515	39400
l-385	67	809	39500
l-386	27	277	39600
l-387	31	409	39700
l-388	82	442	39800
l-389	39	833	39900
l-390	2	33	40000
l-391	54	782	40100
l-392	60	601	40200
l-393	62	74	40300
l-394	50	949	40400
l-395	67	479	40500
l-396	57	801	40600
l-397	13	158	40700
l-398	19	995	40800
l-399	87	964	40900
l-400	92	662	41000
l-401	97	468	41100
l-402	10	795	41200
l-403	5	801	41300
l-404	16	583	41400
l-405	4	732	41500
l-406	38	131	41600
l-407	80	540	41700
l-408	81	715	41800
l-409	97	101	41900
l-410	9	537	42000
l-411	74	397	42100
l-412	33	809	42200
l-413	76	10	42300
l-414	68	471	42400
l-415	35	323	42500
l-416	82	904	42600
l-417	31	538	42700
l-418	30	252	42800
l-419	3	421	42900
l-420	90	314	43000
l-421	7	198	43100
l-422	63	690	43200
l-423	82	83	43300
l-424	32	683	43400
l-425	54	379	43500
l-426	29	34	43600
l-427	89	735	43700
l-428	53	698	43800
l-429	50	6	43900
l-430	37	865	44000
l-431	64	210	44100
l-432	63	205	44200
l-433	39	839	44300
l-434	24	476	44400
l-435	28	778	44500
l-436	37	974	44600
l-437	79	624	44700
l-438	23	228	44800
l-439	62	932	44900
l-440	85	971	45000
l-441	76	944	45100
l-442	50	218	45200
l-443	3	610	45300
l-444	18	53	45400
l-445	90	188	45500
l-446	50	919	45600
l-447	91	321	45700
l-448	93	81	45800
l-449	21	195	45900
l-450	23	958	46000
l-451	67	478	46100
l-452	4	680	46200
l-453	92	859	46300
l-454	47	453	46400
l-455	21	2	46500
l-456	10	82	46600
l-457	44	978	46700
l-458	15	987	46800
l-459	97	389	46900
l-460	45	841	47000
l-461	39	823	47100
l-462	55	50	47200
l-463	90	200	47300
l-464	47	941	47400
l-465	57	331	47500
l-466	46	918	47600
l-467	60	646	47700
l-468	52	831	47800
l-469	80	414	47900
l-470	5	35	48000
l-471	59	822	48100
l-472	7	199	48200
l-473	95	920	48300
l-474	77	371	48400
l-475	34	980	48500
l-476	78	268	48600
l-477	95	706	48700
l-478	40	282	48800
l-479	38	738	48900
l-480	96	938	49000
l-481	81	965	49100
l-482	8	845	49200
l-483	29	486	49300
l-484	91	476	49400
l-485	99	808	49500
l-486	32	440	49600
l-487	63	950	49700
l-488	63	8	49800
l-489	94	842	49900
l-490	88	154	50000
l-491	77	335	50100
l-492	40	370	50200
l-493	76	524	50300
l-494	25	770	50400
l-495	20	417	50500
l-496	8	34	50600
l-497	61	557	50700
l-498	41	436	50800
l-499	13	271	50900
l-500	79	213	51000
l-501	12	510	51100
l-502	90	457	51200
l-503	22	136	51300
l-504	53	635	51400
l-505	86	765	51500
l-506	68	792	51600
l-507	85	124	51700
l-508	99	300	51800
l-509	37	580	51900
l-510	34	260	52000
l-511	94	203	52100
l-512	56	190	52200
l-513	31	157	52300
l-514	36	929	52400
l-515	74	334	52500
l-516	8	257	52600
l-517	31	538	52700
l-518	29	827	52800
l-519	12	475	52900
l-520	4	4	53000
l-521	60	838	53100
l-522	29	459	53200
l-523	47	897	53300
l-524	37	122	53400
l-525	6	614	53500
l-526	74	952	53600
l-527	9	524	53700
l-528	22	617	53800
l-529	33	796	53900
l-530	85	6	54000
l-531	13	610	54100
l-532	90	358	54200
l-533	27	377	54300
l-534	43	45	54400
l-535	26	39	54500
l-536	76	667	54600
l-537	26	11	54700
l-538	41	694	54800
l-539	47	635	54900
l-540	39	208	55000
l-541	4	507	55100
l-542	70	64	55200
l-543	52	814	55300
l-544	50	563	55400
l-545	19	546	55500
l-546	11	167	55600
l-547	50	277	55700
l-548	52	683	55800
l-549	39	976	55900
l-550	6	763	56000
l-551	72	365	56100
l-552	53	18	56200
l-553	98	372	56300
l-554	82	400	56400
l-555	93	208	56500
l-556	0	923	56600
l-557	20	116	56700
l-558	11	591	56800
l-559	46	791	56900
l-560	20	15	57000
l-561	6	145	57100
l-562	82	931	57200
l-563	50	586	57300
l-564	79	379	57400
l-565	94	175	57500
l-566	18	290	57600
l-567	20	175	57700
l-568	8	392	57800
l-569	62	824	57900
l-570	25	129	58000
l-571	5	934	58100
l-572	61	54	58200
l-573	77	651	58300
l-574	49	925	58400
l-575	91	704	58500
l-576	20	804	58600
l-577	28	414	58700
l-578	78	200	58800
l-579	60	578	58900
l-580	27	409	59000
l-581	66	392	59100
l-582	45	153	59200
l-583	31	742	59300
l-584	24	905	59400
l-585	71	775	59500
l-586	86	683	59600
l-587	41	399	59700
l-588	76	563	59800
l-589	80	313	59900
l-590	83	315	60000
l-591	74	435	60100
l-592	49	376	60200
l-593	57	448	60300
l-594	22	3	60400
l-595	79	476	60500
l-596	30	781	60600
l-597	79	838	60700
l-598	58	183	60800
l-599	60	109	60900
l-600	8	367	61000
l-601	55	93	61100
l-602	56	522	61200
l-603	84	41	61300
l-604	81	84	61400
l-605	93	796	61500
l-606	92	81	61600
l-607	6	516	61700
l-608	48	973	61800
l-609	17	877	61900
l-610	8	749	62000
l-611	88	112	62100
l-612	24	906	62200
l-613	62	979	62300
l-614	21	807	62400
l-615	92	226	62500
l-616	8	359	62600
l-617	78	258	62700
l-618	20	918	62800
l-619	78	926	62900
l-620	58	260	63000
l-621	64	941	63100
l-622	61	606	63200
l-623	33	518	63300
l-624	30	381	63400
l-625	4	186	63500
l-626	51	651	63600
l-627	35	335	63700
l-628	48	811	63800
l-629	33	786	63900
l-630	67	651	64000
l-631	46	893	64100
l-632	57	533	64200
l-633	74	903	64300
l-634	13	548	64400
l-635	80	403	64500
l-636	94	380	64600
l-637	33	377	64700
l-638	73	368	64800
l-639	42	83	64900
l-640	56	180	65000
l-641	78	980	65100
l-642	6	839	65200
l-643	66	317	65300
l-644	81	891	65400
l-645	74	679	65500
l-646	40	1	65600
l-647	95	226	65700
l-648	19	630	65800
l-649	80	427	65900
l-650	65	917	66000
l-651	6	500	66100
l-652	29	668	66200
l-653	5	55	66300
l-654	0	363	66400
l-655	38	535	66500
l-656	45	229	66600
l-657	52	308	66700
l-658	75	209	66800
l-659	46	848	66900
l-660	60	137	67000
l-661	1	820	67100
l-662	31	152	67200
l-663	57	65	67300
l-664	81	892	67400
l-665	85	276	67500
l-666	51	270	67600
l-667	1	660	67700
l-668	71	358	67800
l-669	76	592	67900
l-670	56	959	68000
l-671	66	504	68100
l-672	31	925	68200
l-673	0	63	68300
l-674	68	415	68400
l-675	23	163	68500
l-676	7	797	68600
l-677	13	627	68700
l-678	70	963	68800
l-679	25	423	68900
l-680	25	622	69000
l-681	82	663	69100
l-682	82	832	69200
l-683	78	520	69300
l-684	39	307	69400
l-685	80	910	69500
l-686	92	489	69600
l-687	91	6	69700
l-688	48	447	69800
l-689	95	476	69900
l-690	10	671	70000
l-691	57	231	70100
l-692	13	237	70200
l-693	82	126	70300
l-694	42	767	70400
l-695	88	865	70500
l-696	33	53	70600
l-697	34	567	70700
l-698	86	702	70800
l-699	66	271	70900
l-700	37	950	71000
l-701	27	901	71100
l-702	64	173	71200
l-703	33	241	71300
l-704	95	967	71400
l-705	20	936	71500
l-706	41	901	71600
l-707	49	615	71700
l-708	30	929	71800
l-709	80	709	71900
l-710	85	549	72000
l-711	60	859	72100
l-712	67	6	72200
l-713	3	978	72300
l-714	92	584	72400
l-715	39	217	72500
l-716	50	599	72600
l-717	9	932	72700
l-718	21	33	72800
l-719	3	109	72900
l-720	79	165	73000
l-721	44	717	73100
l-722	3	42	73200
l-723	17	658	73300
l-724	81	713	73400
l-725	8	47	73500
l-726	8	604	73600
l-727	97	204	73700
l-728	68	680	73800
l-729	8	888	73900
l-730	96	728	74000
l-731	49	252	74100
l-732	26	114	74200
l-733	4	972	74300
l-734	96	89	74400
l-735	96	647	74500
l-736	36	102	74600
l-737	16	810	74700
l-738	96	209	74800
l-739	37	344	74900
l-740	54	21	75000
l-741	44	952	75100
l-742	36	732	75200
l-743	97	932	75300
l-744	41	987	75400
l-745	77	487	75500
l-746	36	763	75600
l-747	3	422	75700
l-748	3	531	75800
l-749	98	355	75900
l-750	60	49	76000
l-751	68	221	76100
l-752	91	847	76200
l-753	11	839	76300
l-754	36	446	76400
l-755	0	206	76500
l-756	36	768	76600
l-757	6	356	76700
l-758	62	503	76800
l-759	88	845	76900
l-760	23	506	77000
l-761	75	980	77100
l-762	65	591	77200
l-763	20	834	77300
l-764	27	716	77400
l-765	29	169	77500
l-766	14	651	77600
l-767	98	502	77700
l-768	89	805	77800
l-769	13	334	77900
l-770	45	410	78000
l-771	50	911	78100
l-772	95	432	78200
l-773	82	380	78300
l-774	26	269	78400
l-775	54	558	78500
l-776	64	388	78600
l-777	80	966	78700
l-778	58	544	78800
l-779	76	705	78900
l-780	96	661	79000
l-781	4	595	79100
l-782	41	159	79200
l-783	57	567	79300
l-784	94	173	79400
l-785	59	705	79500
l-786	98	593	79600
l-787	29	342	79700
l-788	59	906	79800
l-789	89	519	79900
l-790	24	308	80000
l-791	96	846	80100
l-792	79	740	80200
l-793	19	253	80300
l-794	92	617	80400
l-795	66	164	80500
l-796	30	978	80600
l-797	24	998	80700
l-798	93	168	80800
l-799	84	200	80900
l-800	49	151	81000
l-801	38	304	81100
l-802	55	200	81200
l-803	13	933	81300
l-804	13	211	81400
l-805	49	34	81500
l-806	1	874	81600
l-807	55	227	81700
l-808	64	303	81800
l-809	59	145	81900
l-810	32	755	82000
l-811	51	758	82100
l-812	31	873	82200
l-813	55	587	82300
l-814	75	662	82400
l-815	53	234	82500
l-816	85	668	82600
l-817	99	716	82700
l-818	74	234	82800
l-819	86	656	82900
l-820	15	442	83000
l-821	40	643	83100
l-822	89	916	83200
l-823	53	801	83300
l-824	51	729	83400
l-825	80	256	83500
l-826	54	466	83600
l-827	2	879	83700
l-828	52	691	83800
l-829	84	893	83900
l-830	23	670	84000
l-831	41	10	84100
l-832	49	501	84200
l-833	13	257	84300
l-834	69	164	84400
l-835	91	974	84500
l-836	25	356	84600
l-837	12	588	84700
l-838	58	209	84800
l-839	91	524	84900
l-840	2	811	85000
l-841	47	351	85100
l-842	52	970	85200
l-843	58	700	85300
l-844	23	526	85400
l-845	97	125	85500
l-846	93	364	85600
l-847	81	258	85700
l-848	35	409	85800
l-849	7	76	85900
l-850	53	430	86000
l-851	80	691	86100
l-852	45	271	86200
l-853	13	310	86300
l-854	94	962	86400
l-855	67	224	86500
l-856	50	217	86600
l-857	21	951	86700
l-858	99	829	86800
l-859	81	480	86900
l-860	82	738	87000
l-861	28	986	87100
l-862	18	682	87200
l-863	81	838	87300
l-864	52	301	87400
l-865	97	665	87500
l-866	16	853	87600
l-867	60	802	87700
l-868	29	721	87800
l-869	48	259	87900
l-870	54	190	88000
l-871	61	824	88100
l-872	92	287	88200
l-873	45	670	88300
l-874	38	491	88400
l-875	62	638	88500
l-876	81	675	88600
l-877	46	951	88700
l-878	38	394	88800
l-879	7	847	88900
l-880	72	332	89000
l-881	17	851	89100
l-882	44	596	89200
l-883	1	11	89300
l-884	26	73	89400
l-885	83	256	89500
l-886	77	592	89600
l-887	18	239	89700
l-888	23	462	89800
l-889	44	156	89900
l-890	26	412	90000
l-891	68	624	90100
l-892	88	800	90200
l-893	11	923	90300
l-894	70	651	90400
l-895	38	506	90500
l-896	88	543	90600
l-897	10	859	90700
l-898	56	903	90800
l-899	14	121	90900
l-900	33	239	91000
l-901	17	504	91100
l-902	71	495	91200
l-903	59	147	91300
l-904	89	252	91400
l-905	63	552	91500
l-906	76	752	91600
l-907	0	860	91700
l-908	41	712	91800
l-909	72	681	91900
l-910	37	476	92000
l-911	47	428	92100
l-912	86	184	92200
l-913	81	651	92300
l-914	82	21	92400
l-915	78	698	92500
l-916	94	338	92600
l-917	12	495	92700
l-918	62	919	92800
l-919	18	218	92900
l-920	91	640	93000
l-921	16	96	93100
l-922	84	349	93200
l-923	60	538	93300
l-924	70	934	93400
l-925	26	445	93500
l-926	43	257	93600
l-927	70	846	93700
l-928	37	363	93800
l-929	63	341	93900
l-930	64	893	94000
l-931	64	998	94100
l-932	26	504	94200
l-933	15	196	94300
l-934	40	306	94400
l-935	16	996	94500
l-936	81	803	94600
l-937	5	740	94700
l-938	70	415	94800
l-939	69	50	94900
l-940	51	111	95000
l-941	0	194	95100
l-942	60	784	95200
l-943	84	807	95300
l-944	64	556	95400
l-945	78	631	95500
l-946	18	689	95600
l-947	89	610	95700
l-948	87	217	95800
l-949	5	648	95900
l-950	58	780	96000
l-951	22	679	96100
l-952	23	37	96200
l-953	53	103	96300
l-954	83	377	96400
l-955	17	316	96500
l-956	71	264	96600
l-957	38	431	96700
l-958	4	20	96800
l-959	55	657	96900
l-960	74	935	97000
l-961	6	581	97100
l-962	66	844	97200
l-963	15	829	97300
l-964	53	712	97400
l-965	51	68	97500
l-966	1	396	97600
l-967	76	960	97700
l-968	84	486	97800
l-969	98	561	97900
l-970	13	659	98000
l-971	60	917	98100
l-972	19	15	98200
l-973	54	9	98300
l-974	87	124	98400
l-975	11	890	98500
l-976	15	483	98600
l-977	2	736	98700
l-978	72	461	98800
l-979	93	191	98900
l-980	6	792	99000
l-981	95	711	99100
l-982	18	777	99200
l-983	10	643	99300
l-984	71	510	99400
l-985	58	954	99500
l-986	32	987	99600
l-987	6	32	99700
l-988	1	15	99800
l-989	83	836	99900
l-990	79	398	100000
l-991	39	746	100100
l-992	76	980	100200
l-993	62	61	100300
l-994	40	971	100400
l-995	73	449	100500
l-996	60	170	100600
l-997	18	816	100700
l-998	14	976	100800
l-999	82	644	100900
r-0	41	155	1941
r-1	50	50	1433
r-2	9	549	1881
r-3	12	597	1048
r-4	7	520	2263
r-5	27	89	576
r-6	55	72	1456
r-7	30	565	885
r-8	54	847	921
r-9	72	971	1153
r-10	28	643	2291
r-11	74	64	3040
r-12	73	407	2399
r-13	6	227	3299
r-14	5	880	2540
r-15	17	430	2093
r-16	18	121	2707
r-17	73	574	2331
r-18	87	106	2170
r-19	74	655	3069
r-20	24	100	2762
r-21	70	65	3558
r-22	72	634	2322
r-23	26	697	3316
r-24	68	796	3275
r-25	40	600	3453
r-26	58	307	3340
r-27	31	185	4326
r-28	89	250	4397
r-29	10	308	4076
r-30	67	897	4013
r-31	43	460	4593
r-32	36	75	4447
r-33	15	429	4348
r-34	21	351	4950
r-35	19	501	5411
r-36	53	986	3680
r-37	85	783	3858
r-38	71	809	4973
r-39	40	712	4596
r-40	44	509	5217
r-41	74	468	5732
r-42	8	96	5920
r-43	34	714	5270
r-44	85	63	4533
r-45	93	318	5936
r-46	82	698	5783
r-47	57	734	5282
r-48	49	685	6616
r-49	44	964	4946
r-50	59	173	5727
r-51	78	506	5339
r-52	7	787	5646
r-53	36	757	5564
r-54	31	401	6214
r-55	63	171	5665
r-56	57	563	6422
r-57	35	141	7509
r-58	55	564	7569
r-59	35	426	7346
r-60	45	906	7398
r-61	48	237	8061
r-62	19	181	6369
r-63	19	675	6775
r-64	29	497	6424
r-65	75	270	6873
r-66	36	150	6608
r-67	53	379	7794
r-68	78	327	7959
r-69	16	880	8314
r-70	65	633	8946
r-71	83	758	8484
r-72	6	922	8135
r-73	99	896	9249
r-74	87	573	9034
r-75	50	409	8315
r-76	50	494	7812
r-77	81	64	8520
r-78	24	214	7937
r-79	56	113	8232
r-80	43	54	9230
r-81	13	581	8100
r-82	19	104	9298
r-83	46	27	9556
r-84	9	213	10190
r-85	78	153	9270
r-86	81	979	9116
r-87	44	373	9933
r-88	60	119	9051
r-89	62	492	9854
r-90	61	88	9638
r-91	18	768	9309
r-92	43	272	10716
r-93	61	709	10997
r-94	20	24	10457
r-95	26	975	11447
r-96	67	151	10340
r-97	88	937	10812
r-98	3	541	11352
r-99	38	885	11216
r-100	11	866	11425
r-101	33	376	11161
r-102	21	791	10928
r-103	28	555	11390
r-104	99	338	11429
r-105	81	628	10956
r-106	97	200	12346
r-107	30	411	12375
r-108	94	233	12445
r-109	25	505	11960
r-110	45	30	12497
r-111	3	287	12718
r-112	60	199	11730
r-113	88	980	12539
r-114	44	828	12315
r-115	92	978	12215
r-116	46	226	11764
r-117	13	482	12164
r-118	25	210	12491
r-119	61	922	13178
r-120	78	2	13721
r-121	61	669	13962
r-122	44	659	13837
r-123	10	677	14009
r-124	15	398	14263
r-125	91	205	14036
r-126	61	183	14420
r-127	55	652	14316
r-128	42	821	12977
r-129	92	475	13710
r-130	51	970	14522
r-131	10	163	14584
r-132	21	29	13460
r-133	19	927	14509
r-134	59	672	15051
r-135	18	847	14752
r-136	76	674	14571
r-137	44	562	14019
r-138	70	22	14068
r-139	1	995	15537
r-140	92	106	15330
r-141	67	957	15634
r-142	17	893	15088
r-143	24	895	15991
r-144	27	258	14457
r-145	27	514	15099
r-146	30	601	16164
r-147	41	558	15231
r-148	53	135	16508
r-149	7	758	16763
r-150	45	470	16838
r-151	84	835	16294
r-152	66	847	16061
r-153	64	545	15567
r-154	19	523	16472
r-155	2	451	17287
r-156	99	624	15975
r-157	0	819	17289
r-158	19	145	16152
r-159	60	743	17167
r-160	15	64	17139
r-161	41	531	17497
r-162	67	495	17337
r-163	99	905	16517
r-164	71	255	16516
r-165	24	44	17067
r-166	98	520	16800
r-167	57	29	17850
r-168	97	935	18630
r-169	8	334	17807
r-170	78	518	18993
r-171	77	205	18148
r-172	88	464	17767
r-173	65	827	18392
r-174	61	965	18439
r-175	31	536	18931
r-176	33	573	19489
r-177	25	459	19420
r-178	17	125	18653
r-179	50	324	18805
r-180	9	247	19374
r-181	54	218	18249
r-182	85	803	18820
r-183	15	796	20137
r-184	19	734	20324
r-185	82	375	19852
r-186	18	905	19118
r-187	17	479	20681
r-188	28	976	20329
r-189	12	907	19715
r-190	62	684	19333
r-191	28	724	19430
r-192	55	414	20255
r-193	43	201	20162
r-194	45	95	20052
r-195	92	20	20249
r-196	43	470	20734
r-197	56	19	21140
r-198	49	530	20478
r-199	79	525	20505
r-200	8	941	20231
r-201	29	898	22090
r-202	13	272	20372
r-203	34	928	20381
r-204	99	277	20771
r-205	96	840	20765
r-206	54	934	22339
r-207	86	969	22377
r-208	33	153	21631
r-209	68	528	22782
r-210	73	718	22012
r-211	41	286	21283
r-212	7	705	22837
r-213	23	917	22171
r-214	9	961	21950
r-215	2	91	22799
r-216	33	623	21771
r-217	28	271	21836
r-218	15	12	22729
r-219	43	428	23032
r-220	34	133	23273
r-221	5	727	23179
r-222	30	113	24121
r-223	20	52	22836
r-224	23	955	22813
r-225	39	313	23787
r-226	67	211	24155
r-227	37	513	23612
r-228	86	278	23164
r-229	44	19	24545
r-230	32	16	23075
r-231	2	518	24601
r-232	70	527	23588
r-233	60	958	23803
r-234	57	675	23617
r-235	83	673	24385
r-236	63	855	24718
r-237	50	519	25687
r-238	39	221	25208
r-239	29	204	24601
r-240	90	652	25492
r-241	17	356	24928
r-242	6	133	25914
r-243	1	641	24444
r-244	94	262	26201
r-245	55	57	24834
r-246	10	862	25962
r-247	48	519	26482
r-248	85	289	26788
r-249	76	710	25396
r-250	37	471	25092
r-251	23	276	25422
r-252	57	270	25207
r-253	46	337	27269
r-254	70	251	26062
r-255	4	904	27477
r-256	39	366	26046
r-257	23	344	25702
r-258	48	487	25971
r-259	35	672	26929
r-260	25	517	26508
r-261	99	94	26110
r-262	33	92	27873
r-263	18	601	27118
r-264	5	24	27206
r-265	38	645	27123
r-266	29	600	26773
r-267	67	769	28447
r-268	19	915	28146
r-269	91	901	28505
r-270	76	783	27797
r-271	41	507	28575
r-272	19	742	27781
r-273	79	149	28617
r-274	5	856	29089
r-275	91	526	29326
r-276	80	752	28479
r-277	89	518	29363
r-278	17	537	29663
r-279	96	583	28932
r-280	2	703	29692
r-281	74	915	29734
r-282	91	980	29598
r-283	88	236	29616
r-284	10	43	28463
r-285	17	370	29804
r-286	13	856	29371
r-287	57	52	29843
r-288	80	642	28838
r-289	68	251	30294
r-290	62	4	29540
r-291	58	72	30733
r-292	95	516	31109
r-293	68	676	29488
r-294	67	764	29535
r-295	94	259	30470
r-296	9	272	31332
r-297	30	775	31193
r-298	26	758	30272
r-299	83	472	31898
r-300	63	392	31731
r-301	9	933	31081
r-302	87	786	30788
r-303	5	648	31563
r-304	82	80	30806
r-305	76	340	30801
r-306	32	762	31934
r-307	88	637	31323
r-308	72	13	31073
r-309	61	498	31024
r-310	34	689	32991
r-311	12	223	32517
r-312	86	298	32202
r-313	90	293	32357
r-314	59	478	32354
r-315	98	916	31742
r-316	70	320	32008
r-317	10	485	33617
r-318	2	470	32393
r-319	9	519	33579
r-320	57	397	32550
r-321	26	969	33977
r-322	26	596	32352
r-323	11	766	32590
r-324	67	976	32936
r-325	46	618	32771
r-326	80	287	33641
r-327	14	374	34140
r-328	29	920	33819
r-329	62	26	33707
r-330	20	973	33007
r-331	62	462	34495
r-332	51	745	33818
r-333	18	353	34152
r-334	48	124	34047
r-335	42	333	33503
r-336	96	860	34292
r-337	50	963	33945
r-338	25	13	35260
r-339	94	260	34493
r-340	47	403	34133
r-341	49	604	35881
r-342	9	948	34938
r-343	54	282	35847
r-344	6	105	34974
r-345	6	678	36209
r-346	36	959	35900
r-347	19	995	35210
r-348	34	524	35693
r-349	40	792	35288
r-350	47	980	36607
r-351	54	30	36910
r-352	97	410	36492
r-353	70	209	36424
r-354	92	51	35565
r-355	93	462	36341
r-356	78	142	37141
r-357	82	294	37480
r-358	62	934	35900
r-359	70	175	36160
r-360	60	352	36849
r-361	36	262	36709
r-362	94	1000	37712
r-363	83	416	36832
r-364	83	309	36888
r-365	61	685	37641
r-366	50	172	36845
r-367	82	77	37031
r-368	26	928	37825
r-369	63	226	38027
r-370	57	341	38856
r-371	97	438	38021
r-372	17	198	38321
r-373	31	179	37485
r-374	43	94	38538
r-375	40	378	37989
r-376	33	584	39257
r-377	25	21	39517
r-378	95	423	39583
r-379	49	764	38747
r-380	67	386	38430
r-381	34	771	38792
r-382	7	285	39220
r-383	73	369	40281
r-384	16	516	39806
r-385	67	810	39789
r-386	27	278	38789
r-387	31	410	39487
r-388	82	443	39713
r-389	39	834	40638
r-390	2	34	39260
r-391	54	783	40553
r-392	60	602	41183
r-393	62	75	39300
r-394	50	950	41305
r-395	67	480	41251
r-396	57	802	40108
r-397	13	159	40158
r-398	19	996	40869
r-399	87	965	40123
r-400	92	663	41435
r-401	97	469	41932
r-402	10	796	41329
r-403	5	802	40302
r-404	16	584	40876
r-405	4	733	41821
r-406	38	132	42571
r-407	80	541	41215
r-408	81	716	41695
r-409	97	102	41129
r-410	9	538	41615
r-411	74	398	41492
r-412	33	810	41657
r-413	76	11	41302
r-414	68	472	42017
r-415	35	324	43463
r-416	82	905	43319
r-417	31	539	42673
r-418	30	253	42920
r-419	3	422	43867
r-420	90	315	43330
r-421	7	199	42144
r-422	63	691	44012
r-423	82	84	43160
r-424	32	684	42866
r-425	54	380	44394
r-426	29	35	43609
r-427	89	736	43392
r-428	53	699	43542
r-429	50	7	43305
r-430	37	866	44513
r-431	64	211	43238
r-432	63	206	45186
r-433	39	840	44868
r-434	24	477	43872
r-435	28	779	44042
r-436	37	975	43823
r-437	79	625	44715
r-438	23	229	45635
r-439	62	933	44754
r-440	85	972	44115
r-441	76	945	44399
r-442	50	219	44311
r-443	3	611	46294
r-444	18	54	45250
r-445	90	189	44623
r-446	50	920	45520
r-447	91	322	46509
r-448	93	82	45031
r-449	21	196	45574
r-450	23	959	46336
r-451	67	479	46628
r-452	4	681	45838
r-453	92	860	46075
r-454	47	454	46079
r-455	21	3	45723
r-456	10	83	46173
r-457	44	979	46560
r-458	15	988	46949
r-459	97	390	46324
r-460	45	842	47574
r-461	39	824	47783
r-462	55	51	46379
r-463	90	201	47269
r-464	47	942	47509
r-465	57	332	46895
r-466	46	919	48110
r-467	60	647	46762
r-468	52	832	47307
r-469	80	415	48470
r-470	5	36	47769
r-471	59	823	47228
r-472	7	200	47726
r-473	95	921	47428
r-474	77	372	48094
r-475	34	981	48186
r-476	78	269	47689
r-477	95	707	49167
r-478	40	283	49692
r-479	38	739	47907
r-480	96	939	49219
r-481	81	966	50038
r-482	8	846	48249
r-483	29	487	48519
r-484	91	477	50359
r-485	99	809	49291
r-486	32	441	50470
r-487	63	951	48971
r-488	63	9	49174
r-489	94	843	49521
r-490	88	155	50582
r-491	77	336	49583
r-492	40	371	50143
r-493	76	525	49461
r-494	25	771	50202
r-495	20	418	50006
r-496	8	35	50930
r-497	61	558	50831
r-498	41	437	50129
r-499	13	272	50047
r-500	79	214	50172
r-501	12	511	50962
r-502	90	458	52190
r-503	22	137	50779
r-504	53	636	51343
r-505	86	766	50981
r-506	68	793	52334
r-507	85	125	52255
r-508	99	301	52522
r-509	37	581	51472
r-510	34	261	51763
r-511	94	204	51633
r-512	56	191	51706
r-513	31	158	51782
r-514	36	930	53210
r-515	74	335	51885
r-516	8	258	52411
r-517	31	539	52739
r-518	29	828	53130
r-519	12	476	53238
r-520	4	5	52209
r-521	60	839	53908
r-522	29	460	53921
r-523	47	898	52382
r-524	37	123	52876
r-525	6	615	52888
r-526	74	953	52997
r-527	9	525	53462
r-528	22	618	53719
r-529	33	797	54487
r-530	85	7	54936
r-531	13	611	54405
r-532	90	359	54469
r-533	27	378	53376
r-534	43	46	53689
r-535	26	40	54022
r-536	76	668	55099
r-537	26	12	55368
r-538	41	695	54637
r-539	47	636	54279
r-540	39	209	54159
r-541	4	508	55728
r-542	70	65	55190
r-543	52	815	54507
r-544	50	564	55759
r-545	19	547	55809
r-546	11	168	55937
r-547	50	278	56124
r-548	52	684	55380
r-549	39	977	55755
r-550	6	764	55639
r-551	72	366	56909
r-552	53	19	56052
r-553	98	373	56942
r-554	82	401	55803
r-555	93	209	56329
r-556	0	924	56489
r-557	20	117	56567
r-558	11	592	56631
r-559	46	792	56843
r-560	20	16	56266
r-561	6	146	57229
r-562	82	932	57851
r-563	50	587	56482
r-564	79	380	58298
r-565	94	176	57533
r-566	18	291	57312
r-567	20	176	57767
r-568	8	393	57022
r-569	62	825	58443
r-570	25	130	57617
r-571	5	935	59097
r-572	61	55	57844
r-573	77	652	59196
r-574	49	926	57576
r-575	91	705	58770
r-576	20	805	58911
r-577	28	415	58971
r-578	78	201	59533
r-579	60	579	58274
r-580	27	410	58085
r-581	66	393	58420
r-582	45	154	58452
r-583	31	743	60287
r-584	24	906	58484
r-585	71	776	60225
r-586	86	684	58678
r-587	41	400	58941
r-588	76	564	59733
r-589	80	314	60493
r-590	83	316	59860
r-591	74	436	59610
r-592	49	377	60549
r-593	57	449	60331
r-594	22	4	59447
r-595	79	477	60502
r-596	30	782	60515
r-597	79	839	61297
r-598	58	184	61513
r-599	60	110	60719
r-600	8	368	60263
r-601	55	94	60848
r-602	56	523	61232
r-603	84	42	60383
r-604	81	85	60666
r-605	93	797	61142
r-606	92	82	61647
r-607	6	517	62240
r-608	48	974	62136
r-609	17	878	60952
r-610	8	750	62257
r-611	88	113	62769
r-612	24	907	61469
r-613	62	980	61889
r-614	21	808	62805
r-615	92	227	63405
r-616	8	360	63306
r-617	78	259	63248
r-618	20	919	62463
r-619	78	927	62463
r-620	58	261	62294
r-621	64	942	64074
r-622	61	607	62626
r-623	33	519	63561
r-624	30	382	63053
r-625	4	187	62907
r-626	51	652	62930
r-627	35	336	64091
r-628	48	812	63145
r-629	33	787	63135
r-630	67	652	63099
r-631	46	894	65078
r-632	57	534	64337
r-633	74	904	64710
r-634	13	549	63916
r-635	80	404	65254
r-636	94	381	65233
r-637	33	378	64469
r-638	73	369	64099
r-639	42	84	65465
r-640	56	181	64471
r-641	78	981	65622
r-642	6	840	64806
r-643	66	318	64819
r-644	81	892	66378
r-645	74	680	66401
r-646	40	2	66101
r-647	95	227	64769
r-648	19	631	65395
r-649	80	428	65785
r-650	65	918	65745
r-651	6	501	65370
r-652	29	669	66454
r-653	5	56	65345
r-654	0	364	66561
r-655	38	536	65717
r-656	45	230	66693
r-657	52	309	66895
r-658	75	210	66073
r-659	46	849	67177
r-660	60	138	66324
r-661	1	821	68018
r-662	31	153	67648
r-663	57	66	66496
r-664	81	893	66696
r-665	85	277	68101
r-666	51	271	68262
r-667	1	661	66814
r-668	71	359	68628
r-669	76	593	68222
r-670	56	960	68232
r-671	66	505	68602
r-672	31	926	67538
r-673	0	64	67390
r-674	68	416	67451
r-675	23	164	67986
r-676	7	798	69467
r-677	13	628	67725
r-678	70	964	69145
r-679	25	424	68191
r-680	25	623	69061
r-681	82	664	69138
r-682	82	833	69050
r-683	78	521	68657
r-684	39	308	68530
r-685	80	911	68599
r-686	92	490	70203
r-687	91	7	69802
r-688	48	448	70529
r-689	95	477	70768
r-690	10	672	70519
r-691	57	232	69459
r-692	13	238	69735
r-693	82	127	69379
r-694	42	768	71225
r-695	88	866	71430
r-696	33	54	71057
r-697	34	568	71002
r-698	86	703	70693
r-699	66	272	71890
r-700	37	951	71314
r-701	27	902	70274
r-702	64	174	70231
r-703	33	242	72152
r-704	95	968	70815
r-705	20	937	72028
r-706	41	902	70993
r-707	49	616	71372
r-708	30	930	71577
r-709	80	710	72787
r-710	85	550	72723
r-711	60	860	72066
r-712	67	7	72628
r-713	3	979	72195
r-714	92	585	71878
r-715	39	218	73116
r-716	50	600	72875
r-717	9	933	72857
r-718	21	34	72096
r-719	3	110	72129
r-720	79	166	73902
r-721	44	718	72390
r-722	3	43	72263
r-723	17	659	73718
r-724	81	714	72487
r-725	8	48	74008
r-726	8	605	74354
r-727	97	205	73444
r-728	68	681	74625
r-729	8	889	74701
r-730	96	729	74872
r-731	49	253	73319
r-732	26	115	73616
r-733	4	973	73370
r-734	96	90	74698
r-735	96	648	74793
r-736	36	103	74577
r-737	16	811	73900
r-738	96	210	75123
r-739	37	345	74553
r-740	54	22	74534
r-741	44	953	74625
r-742	36	733	74299
r-743	97	933	75053
r-744	41	988	75975
r-745	77	488	75531
r-746	36	764	75866
r-747	3	423	76315
r-748	3	532	75693
r-749	98	356	75101
r-750	60	50	76443
r-751	68	222	76259
r-752	91	848	76965
r-753	11	840	76476
r-754	36	447	75748
r-755	0	207	76572
r-756	36	769	77160
r-757	6	357	75708
r-758	62	504	75995
r-759	88	846	77531
r-760	23	507	77980
r-761	75	981	76811
r-762	65	592	76733
r-763	20	835	76881
r-764	27	717	78321
r-765	29	170	77520
r-766	14	652	78522
r-767	98	503	76865
r-768	89	806	77949
r-769	13	335	78186
r-770	45	411	77194
r-771	50	912	78926
r-772	95	433	77376
r-773	82	381	77351
r-774	26	270	78020
r-775	54	559	79345
r-776	64	389	77950
r-777	80	967	78178
r-778	58	545	78059
r-779	76	706	79445
r-780	96	662	79239
r-781	4	596	78813
r-782	41	160	79268
r-783	57	568	79655
r-784	94	174	79062
r-785	59	706	79398
r-786	98	594	79126
r-787	29	343	78958
r-788	59	907	80116
r-789	89	520	79387
r-790	24	309	79547
r-791	96	847	80540
r-792	79	741	79516
r-793	19	254	81296
r-794	92	618	80068
r-795	66	165	80213
r-796	30	979	80271
r-797	24	999	80229
r-798	93	169	80008
r-799	84	201	80108
r-800	49	152	80309
r-801	38	305	81601
r-802	55	201	80760
r-803	13	934	81606
r-804	13	212	80975
r-805	49	35	81450
r-806	1	875	81417
r-807	55	228	82120
r-808	64	304	82095
r-809	59	146	80945
r-810	32	756	82236
r-811	51	759	81111
r-812	31	874	83059
r-813	55	588	82735
r-814	75	663	82934
r-815	53	235	83232
r-816	85	669	83079
r-817	99	717	83014
r-818	74	235	83545
r-819	86	657	82271
r-820	15	443	82929
r-821	40	644	82632
r-822	89	917	82400
r-823	53	802	82796
r-824	51	730	83860
r-825	80	257	82820
r-826	54	467	83588
r-827	2	880	83972
r-828	52	692	83861
r-829	84	894	84805
r-830	23	671	84831
r-831	41	11	84693
r-832	49	502	84903
r-833	13	258	83378
r-834	69	165	83846
r-835	91	975	85101
r-836	25	357	84663
r-837	12	589	85434
r-838	58	210	84908
r-839	91	525	84874
r-840	2	812	85309
r-841	47	352	85168
r-842	52	971	85719
r-843	58	701	84730
r-844	23	527	85203
r-845	97	126	86410
r-846	93	365	85857
r-847	81	259	84815
r-848	35	410	85582
r-849	7	77	84927
r-850	53	431	86874
r-851	80	692	86530
r-852	45	272	86388
r-853	13	311	85759
r-854	94	963	86220
r-855	67	225	87489
r-856	50	218	86546
r-857	21	952	85964
r-858	99	830	85941
r-859	81	481	86295
r-860	82	739	87151
r-861	28	987	87768
r-862	18	683	86923
r-863	81	839	88001
r-864	52	302	87358
r-865	97	666	87622
r-866	16	854	88197
r-867	60	803	87426
r-868	29	722	87347
r-869	48	260	88307
r-870	54	191	88390
r-871	61	825	87105
r-872	92	288	88836
r-873	45	671	87801
r-874	38	492	88056
r-875	62	639	88377
r-876	81	676	87774
r-877	46	952	88012
r-878	38	395	89549
r-879	7	848	88074
r-880	72	333	89855
r-881	17	852	89186
r-882	44	597	89496
r-883	1	12	89646
r-884	26	74	90349
r-885	83	257	89100
r-886	77	593	88807
r-887	18	240	90449
r-888	23	463	90389
r-889	44	157	90507
r-890	26	413	90851
r-891	68	625	89443
r-892	88	801	90445
r-893	11	924	90669
r-894	70	652	91013
r-895	38	507	89904
r-896	88	544	90036
r-897	10	860	91219
r-898	56	904	91174
r-899	14	122	91036
r-900	33	240	90858
r-901	17	505	91069
r-902	71	496	90319
r-903	59	148	92154
r-904	89	253	91406
r-905	63	553	90837
r-906	76	753	92367
r-907	0	861	91028
r-908	41	713	91758
r-909	72	682	91919
r-910	37	477	92721
r-911	47	429	91972
r-912	86	185	91354
r-913	81	652	92038
r-914	82	22	91458
r-915	78	699	91593
r-916	94	339	93507
r-917	12	496	92745
r-918	62	920	93350
r-919	18	219	91969
r-920	91	641	92851
r-921	16	97	92793
r-922	84	350	92949
r-923	60	539	93894
r-924	70	935	93978
r-925	26	446	93081
r-926	43	258	93465
r-927	70	847	92807
r-928	37	364	93399
r-929	63	342	93726
r-930	64	894	93556
r-931	64	999	93806
r-932	26	505	94540
r-933	15	197	93977
r-934	40	307	94860
r-935	16	997	94701
r-936	81	804	93779
r-937	5	741	94516
r-938	70	416	95613
r-939	69	51	95075
r-940	51	112	94615
r-941	0	195	94195
r-942	60	785	95446
r-943	84	808	94423
r-944	64	557	96263
r-945	78	632	95270
r-946	18	690	95883
r-947	89	611	96111
r-948	87	218	94969
r-949	5	649	96266
r-950	58	781	96280
r-951	22	680	95307
r-952	23	38	96980
r-953	53	104	96886
r-954	83	378	95427
r-955	17	317	97110
r-956	71	265	97054
r-957	38	432	96078
r-958	4	21	96452
r-959	55	658	97059
r-960	74	936	97912
r-961	6	582	97119
r-962	66	845	96280
r-963	15	830	97884
r-964	53	713	97578
r-965	51	69	97414
r-966	1	397	97992
r-967	76	961	97912
r-968	84	487	97118
r-969	98	562	97744
r-970	13	660	97169
r-971	60	918	97534
r-972	19	16	98483
r-973	54	10	97309
r-974	87	125	98770
r-975	11	891	97946
r-976	15	484	97864
r-977	2	737	98264
r-978	72	462	98296
r-979	93	192	99424
r-980	6	793	98749
r-981	95	712	99561
r-982	18	778	99694
r-983	10	644	98900
r-984	71	511	99852
r-985	58	955	99871
r-986	32	988	100470
r-987	6	33	100168
r-988	1	16	98924
r-989	83	837	100306
r-990	79	399	99163
r-991	39	747	99739
r-992	76	981	99539
r-993	62	62	100547
r-994	40	972	100152
r-995	73	450	100990
r-996	60	171	100986
r-997	18	817	101679
r-998	14	977	100543
r-999	82	645	100235
