event_id,t0_ms,t1_ms,t2_ms,t3_ms,write_to_input_append_latency_ms,input_append_to_result_emission_latency_ms,l_visibility_ms,l_closure_ms,latency_ms
tc-0-0,1784588011529.1877,1784588011682,1784588015062.0,1784588015159.0579,152.812,3380.0,97.058,1784587955062.0,3629.87
tc-1-0,1784588013029.19,1784588013782,1784588015075.0,1784588015159.0627,752.81,1293.0,84.063,1784587955075.0,2129.873
tc-10-0,1784588008729.189,1784588009581,1784588015075.0,1784588015159.0645,851.811,5494.0,84.064,1784587955075.0,6429.875
tc-11-0,1784588010229.1926,1784588010634,1784588015075.0,1784588015159.0654,404.807,4441.0,84.065,1784587955075.0,4929.873
tc-12-0,1784587996629.21,1784587996983,1784588015075.0,1784588015159.0671,353.79,18092.0,84.067,1784587955075.0,18529.857
tc-13-0,1784588011779.1895,1784588012732,1784588015076.0,1784588015159.0688,952.811,2344.0,83.069,1784587955076.0,3379.879
tc-14-0,1784588012679.1843,1784588012732,1784588015076.0,1784588015159.07,52.816,2344.0,83.07,1784587955076.0,2479.886
tc-15-0,1784588009629.1946,1784588010634,1784588015076.0,1784588015159.076,1004.805,4442.0,83.076,1784587955076.0,5529.881
tc-16-0,1784588012479.1914,1784588012732,1784588015076.0,1784588015159.0786,252.809,2344.0,83.079,1784587955076.0,2679.887
tc-17-0,1784588010029.194,1784588010634,1784588015076.0,1784588015159.0874,604.806,4442.0,83.087,1784587955076.0,5129.893
tc-18-0,1784588007129.1958,1784588007482,1784588015076.0,1784588015159.0884,352.804,7594.0,83.088,1784587955076.0,8029.893
tc-19-0,1784588011830.5503,1784588012732,1784588015076.0,1784588015159.108,901.45,2344.0,83.108,1784587955076.0,3328.558
tc-2-0,1784588011279.191,1784588011682,1784588015076.0,1784588015159.1091,402.809,3394.0,83.109,1784587955076.0,3879.918
tc-20-0,1784588001229.1924,1784588002231,1784588015076.0,1784588015159.11,1001.808,12845.0,83.11,1784587955076.0,13929.918
tc-21-0,1784588009129.1914,1784588009581,1784588015077.0,1784588015159.1108,451.809,5496.0,82.111,1784587955077.0,6029.919
tc-22-0,1784587999529.192,1784588000131,1784588015077.0,1784588015159.1116,601.808,14946.0,82.112,1784587955077.0,15629.92
tc-23-0,1784587994279.1895,1784587994932,1784588015077.0,1784588015159.1123,652.811,20145.0,82.112,1784587955077.0,20879.923
tc-24-0,1784588010079.1938,1784588010634,1784588015077.0,1784588015159.1133,554.806,4443.0,82.113,1784587955077.0,5079.919
tc-25-0,1784588007479.1956,1784588007482,1784588015077.0,1784588015159.114,2.804,7595.0,82.114,1784587955077.0,7679.918
tc-26-0,1784588008679.1865,1784588009581,1784588015077.0,1784588015159.115,901.813,5496.0,82.115,1784587955077.0,6479.928
tc-27-0,1784588010979.1887,1784588011682,1784588015077.0,1784588015159.1157,702.811,3395.0,82.116,1784587955077.0,4179.927
tc-28-0,1784588012929.1912,1784588013782,1784588015077.0,1784588015159.1165,852.809,1295.0,82.116,1784587955077.0,2229.925
tc-29-0,1784588003479.1846,1784588004332,1784588015078.0,1784588015159.1238,852.815,10746.0,81.124,1784587955078.0,11679.939
tc-3-0,1784588008479.1885,1784588008531,1784588015078.0,1784588015159.1248,51.812,6547.0,81.125,1784587955078.0,6679.936
tc-30-0,1784588010279.1926,1784588010634,1784588015078.0,1784588015159.1255,354.807,4444.0,81.125,1784587955078.0,4879.933
tc-31-0,1784588011079.1982,1784588011682,1784588015078.0,1784588015159.131,602.802,3396.0,81.131,1784587955078.0,4079.933
tc-32-0,1784588012529.1897,1784588012732,1784588015078.0,1784588015159.132,202.81,2346.0,81.132,1784587955078.0,2629.942
tc-33-0,1784588010329.1912,1784588010634,1784588015078.0,1784588015159.194,304.809,4444.0,81.194,1784587955078.0,4830.003
tc-34-0,1784588011029.187,1784588011682,1784588015078.0,1784588015159.195,652.813,3396.0,81.195,1784587955078.0,4130.008
tc-35-0,1784588010779.1982,1784588011682,1784588015078.0,1784588015159.1958,902.802,3396.0,81.196,1784587955078.0,4379.998
tc-36-0,1784588009229.1882,1784588009581,1784588015078.0,1784588015159.1965,351.812,5497.0,81.197,1784587955078.0,5930.008
tc-37-0,1784588006029.191,1784588006431,1784588015079.0,1784588015159.1975,401.809,8648.0,80.198,1784587955079.0,9130.007
tc-38-0,1784588013079.1929,1784588013782,1784588015079.0,1784588015159.1982,702.807,1297.0,80.198,1784587955079.0,2080.005
tc-39-0,1784588011229.196,1784588011682,1784588015079.0,1784588015159.1995,452.804,3397.0,80.199,1784587955079.0,3930.003
tc-4-0,1784588012379.1912,1784588012732,1784588015079.0,1784588015159.2266,352.809,2347.0,80.227,1784587955079.0,2780.035
tc-40-0,1784588007229.1921,1784588007482,1784588015079.0,1784588015159.2275,252.808,7597.0,80.228,1784587955079.0,7930.035
tc-41-0,1784588007329.1895,1784588007482,1784588015079.0,1784588015159.2283,152.811,7597.0,80.228,1784587955079.0,7830.039
tc-42-0,1784588009929.1975,1784588010634,1784588015079.0,1784588015159.2395,704.802,4445.0,80.24,1784587955079.0,5230.042
tc-43-0,1784588010679.1882,1784588011682,1784588015079.0,1784588015159.2876,1002.812,3397.0,80.288,1784587955079.0,4480.099
tc-44-0,1784588007179.1938,1784588007482,1784588015080.0,1784588015159.2886,302.806,7598.0,79.289,1784587955080.0,7980.095
tc-45-0,1784588001579.1921,1784588002231,1784588015080.0,1784588015159.2957,651.808,12849.0,79.296,1784587955080.0,13580.104
tc-46-0,1784588010829.191,1784588011682,1784588015080.0,1784588015159.3022,852.809,3398.0,79.302,1784587955080.0,4330.111
tc-47-0,1784588008379.189,1784588008531,1784588015080.0,1784588015159.3208,151.811,6549.0,79.321,1784587955080.0,6780.132
tc-48-0,1784588010629.1958,1784588010634,1784588015080.0,1784588015159.4417,4.804,4446.0,79.442,1784587955080.0,4530.246
tc-49-0,1784588012879.194,1784588013782,1784588015080.0,1784588015159.4446,902.806,1298.0,79.445,1784587955080.0,2280.25
tc-5-0,1784588012229.1907,1784588012732,1784588015080.0,1784588015159.4453,502.809,2348.0,79.445,1784587955080.0,2930.255
tc-50-0,1784588011579.191,1784588011682,1784588015080.0,1784588015159.4463,102.809,3398.0,79.446,1784587955080.0,3580.255
tc-51-0,1784588011129.1985,1784588011682,1784588015080.0,1784588015159.447,552.802,3398.0,79.447,1784587955080.0,4030.249
tc-52-0,1784588010529.1973,1784588010634,1784588015081.0,1784588015159.4478,104.803,4447.0,78.448,1784587955081.0,4630.25
tc-53-0,1784588009179.1829,1784588009581,1784588015081.0,1784588015159.4482,401.817,5500.0,78.448,1784587955081.0,5980.265
tc-54-0,1784588008429.1924,1784588008531,1784588015081.0,1784588015159.4607,101.808,6550.0,78.461,1784587955081.0,6730.268
tc-55-0,1784587987429.191,1784587987582,1784588015081.0,1784588015159.4937,152.809,27499.0,78.494,1784587955081.0,27730.303
tc-56-0,1784587997229.1985,1784587998031,1784588015081.0,1784588015159.4954,801.802,17050.0,78.495,1784587955081.0,17930.297
tc-57-0,1784588011729.2002,1784588012732,1784588015081.0,1784588015159.5247,1002.8,2349.0,78.525,1784587955081.0,3430.324
tc-58-0,1784588012129.2437,1784588012732,1784588015081.0,1784588015159.526,602.756,2349.0,78.526,1784587955081.0,3030.282
tc-59-0,1784588011679.1897,1784588011682,1784588015081.0,1784588015159.527,2.81,3399.0,78.527,1784587955081.0,3480.337
tc-6-0,1784588009029.1895,1784588009581,1784588015081.0,1784588015159.5427,551.811,5500.0,78.543,1784587955081.0,6130.353
tc-60-0,1784588011429.1914,1784588011682,1784588015082.0,1784588015159.5437,252.809,3400.0,77.544,1784587955082.0,3730.352
tc-61-0,1784588009529.19,1784588009581,1784588015082.0,1784588015159.6035,51.81,5501.0,77.604,1784587955082.0,5630.414
tc-62-0,1784588006979.197,1784588007482,1784588015082.0,1784588015159.6045,502.803,7600.0,77.604,1784587955082.0,8180.407
tc-63-0,1784588009829.2002,1784588010634,1784588015082.0,1784588015159.605,804.8,4448.0,77.605,1784587955082.0,5330.405
tc-64-0,1784588009779.1895,1784588010634,1784588015082.0,1784588015159.6055,854.811,4448.0,77.605,1784587955082.0,5380.416
tc-65-0,1784588008279.1902,1784588008531,1784588015082.0,1784588015159.606,251.81,6551.0,77.606,1784587955082.0,6880.416
tc-66-0,1784588011879.1892,1784588012732,1784588015082.0,1784588015159.696,852.811,2350.0,77.696,1784587955082.0,3280.507
tc-67-0,1784588012779.1917,1784588013782,1784588015082.0,1784588015159.7234,1002.808,1300.0,77.723,1784587955082.0,2380.532
tc-68-0,1784588004179.1863,1784588004332,1784588015082.0,1784588015159.7249,152.814,10750.0,77.725,1784587955082.0,10980.539
tc-69-0,1784588000129.193,1784588000131,1784588015082.0,1784588015159.7256,1.807,14951.0,77.726,1784587955082.0,15030.532
tc-7-0,1784588010729.182,1784588011682,1784588015082.0,1784588015159.7263,952.818,3400.0,77.726,1784587955082.0,4430.544
tc-70-0,1784588012179.1855,1784588012732,1784588015083.0,1784588015159.7668,552.814,2351.0,76.767,1784587955083.0,2980.581
tc-71-0,1784587995729.1829,1784587995982,1784588015083.0,1784588015159.797,252.817,19101.0,76.797,1784587955083.0,19430.614
tc-72-0,1784588012329.559,1784588012732,1784588015083.0,1784588015159.7979,402.441,2351.0,76.798,1784587955083.0,2830.239
tc-73-0,1784587986529.1875,1784587986531,1784588015083.0,1784588015159.8047,1.812,28552.0,76.805,1784587955083.0,28630.617
tc-74-0,1784588012829.19,1784588013782,1784588015083.0,1784588015159.8638,952.81,1301.0,76.864,1784587955083.0,2330.674
tc-75-0,1784588011479.19,1784588011682,1784588015083.0,1784588015159.8647,202.81,3401.0,76.865,1784587955083.0,3680.675
tc-76-0,1784588012979.1929,1784588013782,1784588015083.0,1784588015159.8713,802.807,1301.0,76.871,1784587955083.0,2180.678
tc-77-0,1784588006529.197,1784588007482,1784588015083.0,1784588015159.9084,952.803,7601.0,76.908,1784587955083.0,8630.711
tc-78-0,1784588004929.1929,1784588005381,1784588015083.0,1784588015159.9094,451.807,9702.0,76.909,1784587955083.0,10230.717
tc-79-0,1784587997379.1904,1784587998031,1784588015083.0,1784588015159.9302,651.81,17052.0,76.93,1784587955083.0,17780.74
tc-8-0,1784588007679.1904,1784588008531,1784588015083.0,1784588015159.931,851.81,6552.0,76.931,1784587955083.0,7480.74
tc-80-0,1784588006579.192,1784588007482,1784588015084.0,1784588015159.97,902.808,7602.0,75.97,1784587955084.0,8580.778
tc-81-0,1784588012579.1948,1784588012732,1784588015084.0,1784588015160.0593,152.805,2352.0,76.059,1784587955084.0,2580.865
tc-82-0,1784588012029.1929,1784588012732,1784588015084.0,1784588015160.0613,702.807,2352.0,76.061,1784587955084.0,3130.868
tc-83-0,1784588009379.189,1784588009581,1784588015084.0,1784588015160.062,201.811,5503.0,76.062,1784587955084.0,5780.873
tc-84-0,1784588008079.1917,1784588008531,1784588015084.0,1784588015160.0632,451.808,6553.0,76.063,1784587955084.0,7080.872
tc-85-0,1784588009579.1902,1784588009581,1784588015084.0,1784588015160.0989,1.81,5503.0,76.099,1784587955084.0,5580.909
tc-86-0,1784588005579.1572,1784588006431,1784588015084.0,1784588015160.0999,851.843,8653.0,76.1,1784587955084.0,9580.943
tc-87-0,1784588011929.2144,1784588012732,1784588015084.0,1784588015160.1096,802.786,2352.0,76.11,1784587955084.0,3230.895
tc-88-0,1784588005529.1946,1784588006431,1784588015084.0,1784588015160.1104,901.805,8653.0,76.11,1784587955084.0,9630.916
tc-89-0,1784588012629.1875,1784588012732,1784588015084.0,1784588015160.1614,102.812,2352.0,76.161,1784587955084.0,2530.974
tc-9-0,1784588012729.19,1784588012732,1784588015085.0,1784588015160.1628,2.81,2353.0,75.163,1784587955085.0,2430.973
tc-90-0,1784588011379.1877,1784588011682,1784588015085.0,1784588015160.1638,302.812,3403.0,75.164,1784587955085.0,3780.976
tc-91-0,1784588012429.1858,1784588012732,1784588015085.0,1784588015160.1716,302.814,2353.0,75.172,1784587955085.0,2730.986
tc-92-0,1784588011979.1907,1784588012732,1784588015085.0,1784588015160.1726,752.809,2353.0,75.173,1784587955085.0,3180.982
tc-93-0,1784588008779.199,1784588009581,1784588015085.0,1784588015160.2131,801.801,5504.0,75.213,1784587955085.0,6381.014
tc-94-0,1784588009329.1902,1784588009581,1784588015085.0,1784588015160.214,251.81,5504.0,75.214,1784587955085.0,5831.024
tc-95-0,1784588005179.1973,1784588005381,1784588015085.0,1784588015160.2722,201.803,9704.0,75.272,1784587955085.0,9981.075
tc-96-0,1784588008879.188,1784588009581,1784588015085.0,1784588015160.273,701.812,5504.0,75.273,1784587955085.0,6281.085
tc-97-0,1784588012079.1948,1784588012732,1784588015085.0,1784588015160.2737,652.805,2353.0,75.274,1784587955085.0,3081.079
tc-98-0,1784588004879.1936,1784588005381,1784588015085.0,1784588015160.2744,501.806,9704.0,75.274,1784587955085.0,10281.081
tc-99-0,1784587997729.1914,1784587998031,1784588015085.0,1784588015160.3203,301.809,17054.0,75.32,1784587955085.0,17431.129
tc-0-60000,1784588037429.1924,1784588037932,1784588045566.0,1784588045610.9858,502.808,7634.0,44.986,1784587925566.0,8181.793
tc-1-60000,1784588031779.1892,1784588032681,1784588045566.0,1784588045611.0034,901.811,12885.0,45.003,1784587925566.0,13831.814
tc-10-60000,1784588038129.1921,1784588038981,1784588045566.0,1784588045611.0044,851.808,6585.0,45.004,1784587925566.0,7481.812
tc-11-60000,1784588037129.19,1784588037932,1784588045566.0,1784588045611.005,802.81,7634.0,45.005,1784587925566.0,8481.815
tc-12-60000,1784588038329.1953,1784588038981,1784588045566.0,1784588045611.0283,651.805,6585.0,45.028,1784587925566.0,7281.833
tc-13-60000,1784588042829.1963,1784588043181,1784588045566.0,1784588045611.0298,351.804,2385.0,45.03,1784587925566.0,2781.833
tc-14-60000,1784588038029.1921,1784588038981,1784588045566.0,1784588045611.0305,951.808,6585.0,45.031,1784587925566.0,7581.838
tc-15-60000,1784588041929.1914,1784588042131,1784588045566.0,1784588045611.0312,201.809,3435.0,45.031,1784587925566.0,3681.84
tc-16-60000,1784588036029.1875,1784588036882,1784588045566.0,1784588045611.032,852.812,8684.0,45.032,1784587925566.0,9581.844
tc-17-60000,1784588030629.1897,1784588031631,1784588045566.0,1784588045611.0347,1001.81,13935.0,45.035,1784587925566.0,14981.845
tc-18-60000,1784588041229.1926,1784588042131,1784588045566.0,1784588045611.0354,901.807,3435.0,45.035,1784587925566.0,4381.843
tc-19-60000,1784588040529.196,1784588041081,1784588045566.0,1784588045611.0425,551.804,4485.0,45.042,1784587925566.0,5081.846
tc-2-60000,1784588036279.1914,1784588036882,1784588045566.0,1784588045611.0437,602.809,8684.0,45.044,1784587925566.0,9331.852
tc-20-60000,1784588042279.192,1784588043181,1784588045566.0,1784588045611.0454,901.808,2385.0,45.045,1784587925566.0,3331.854
tc-21-60000,1784588040379.1934,1784588041081,1784588045566.0,1784588045611.0461,701.807,4485.0,45.046,1784587925566.0,5231.853
tc-22-60000,1784588029229.1821,1784588029531,1784588045566.0,1784588045611.0818,301.818,16035.0,45.082,1784587925566.0,16381.9
tc-23-60000,1784588042579.1956,1784588043181,1784588045566.0,1784588045611.0828,601.804,2385.0,45.083,1784587925566.0,3031.887
tc-24-60000,1784588040279.1904,1784588041081,1784588045566.0,1784588045611.0898,801.81,4485.0,45.09,1784587925566.0,5331.899
tc-25-60000,1784588043029.1875,1784588043181,1784588045566.0,1784588045611.0906,151.812,2385.0,45.091,1784587925566.0,2581.903
tc-26-60000,1784588040829.191,1784588041081,1784588045566.0,1784588045611.1416,251.809,4485.0,45.142,1784587925566.0,4781.951
tc-27-60000,1784588042929.195,1784588043181,1784588045567.0,1784588045611.1423,251.805,2386.0,44.142,1784587925567.0,2681.947
tc-28-60000,1784588041079.1892,1784588041081,1784588045567.0,1784588045611.1821,1.811,4486.0,44.182,1784587925567.0,4531.993
tc-29-60000,1784588041829.1904,1784588042131,1784588045567.0,1784588045611.1833,301.81,3436.0,44.183,1784587925567.0,3781.993
tc-3-60000,1784588034929.1895,1784588035831,1784588045567.0,1784588045611.1836,901.811,9736.0,44.184,1784587925567.0,10681.994
tc-30-60000,1784588033629.1858,1784588033731,1784588045567.0,1784588045611.184,101.814,11836.0,44.184,1784587925567.0,11981.998
tc-31-60000,1784588040029.1902,1784588040031,1784588045567.0,1784588045611.2263,1.81,5536.0,44.226,1784587925567.0,5582.036
tc-32-60000,1784588042879.1982,1784588043181,1784588045567.0,1784588045611.227,301.802,2386.0,44.227,1784587925567.0,2732.029
tc-33-60000,1784588042029.1824,1784588042131,1784588045567.0,1784588045611.2922,101.818,3436.0,44.292,1784587925567.0,3582.11
tc-34-60000,1784588039829.1882,1784588040031,1784588045567.0,1784588045611.2942,201.812,5536.0,44.294,1784587925567.0,5782.106
tc-35-60000,1784588040679.1863,1784588041081,1784588045567.0,1784588045611.3184,401.814,4486.0,44.318,1784587925567.0,4932.132
tc-36-60000,1784588037329.1902,1784588037932,1784588045567.0,1784588045611.3193,602.81,7635.0,44.319,1784587925567.0,8282.129
tc-37-60000,1784588020779.188,1784588021132,1784588045567.0,1784588045611.32,352.812,24435.0,44.32,1784587925567.0,24832.132
tc-38-60000,1784588040629.1902,1784588041081,1784588045567.0,1784588045611.3208,451.81,4486.0,44.321,1784587925567.0,4982.131
tc-39-60000,1784588034429.1917,1784588034781,1784588045567.0,1784588045611.3525,351.808,10786.0,44.353,1784587925567.0,11182.161
tc-4-60000,1784588040929.181,1784588041081,1784588045567.0,1784588045611.3533,151.819,4486.0,44.353,1784587925567.0,4682.172
tc-40-60000,1784588036179.198,1784588036882,1784588045567.0,1784588045611.3604,702.802,8685.0,44.36,1784587925567.0,9432.162
tc-41-60000,1784588040229.1936,1784588041081,1784588045567.0,1784588045611.3616,851.806,4486.0,44.362,1784587925567.0,5382.168
tc-42-60000,1784588039629.1926,1784588040031,1784588045567.0,1784588045611.3628,401.807,5536.0,44.363,1784587925567.0,5982.17
tc-43-60000,1784588021529.1938,1784588022181,1784588045567.0,1784588045611.3923,651.806,23386.0,44.392,1784587925567.0,24082.198
tc-44-60000,1784588043079.1926,1784588043181,1784588045567.0,1784588045611.4243,101.807,2386.0,44.424,1784587925567.0,2532.232
tc-45-60000,1784588022829.1936,1784588023231,1784588045567.0,1784588045611.472,401.806,22336.0,44.472,1784587925567.0,22782.278
tc-46-60000,1784588035329.1917,1784588035831,1784588045568.0,1784588045611.473,501.808,9737.0,43.473,1784587925568.0,10282.281
tc-47-60000,1784588038579.193,1784588038981,1784588045568.0,1784588045611.4736,401.807,6587.0,43.474,1784587925568.0,7032.281
tc-48-60000,1784588033929.1929,1784588034781,1784588045568.0,1784588045611.4744,851.807,10787.0,43.474,1784587925568.0,11682.281
tc-49-60000,1784588042729.1982,1784588043181,1784588045568.0,1784588045611.5432,451.802,2387.0,43.543,1784587925568.0,2882.345
tc-5-60000,1784588034979.195,1784588035831,1784588045568.0,1784588045611.5442,851.805,9737.0,43.544,1784587925568.0,10632.349
tc-50-60000,1784588038379.191,1784588038981,1784588045568.0,1784588045611.5452,601.809,6587.0,43.545,1784587925568.0,7232.354
tc-51-60000,1784588042179.187,1784588043181,1784588045568.0,1784588045611.5527,1001.813,2387.0,43.553,1784587925568.0,3432.366
tc-52-60000,1784588042479.195,1784588043181,1784588045568.0,1784588045611.5596,701.805,2387.0,43.56,1784587925568.0,3132.365
tc-53-60000,1784588042129.1948,1784588042131,1784588045568.0,1784588045611.5613,1.805,3437.0,43.561,1784587925568.0,3482.366
tc-54-60000,1784588042329.1848,1784588043181,1784588045568.0,1784588045611.5796,851.815,2387.0,43.58,1784587925568.0,3282.395
tc-55-60000,1784588041979.2024,1784588042131,1784588045568.0,1784588045611.62,151.798,3437.0,43.62,1784587925568.0,3632.418
tc-56-60000,1784588031279.1926,1784588031631,1784588045568.0,1784588045611.6394,351.807,13937.0,43.639,1784587925568.0,14332.447
tc-57-60000,1784588039279.191,1784588040031,1784588045568.0,1784588045611.6404,751.809,5537.0,43.64,1784587925568.0,6332.449
tc-58-60000,1784588042379.1873,1784588043181,1784588045568.0,1784588045611.6414,801.813,2387.0,43.641,1784587925568.0,3232.454
tc-59-60000,1784588041179.1897,1784588042131,1784588045568.0,1784588045611.6738,951.81,3437.0,43.674,1784587925568.0,4432.484
tc-6-60000,1784588033129.1982,1784588033731,1784588045568.0,1784588045611.6812,601.802,11837.0,43.681,1784587925568.0,12482.483
tc-60-60000,1784588036629.1904,1784588036882,1784588045568.0,1784588045611.7004,252.81,8686.0,43.7,1784587925568.0,8982.51
tc-61-60000,1784588035979.192,1784588036882,1784588045568.0,1784588045611.7014,902.808,8686.0,43.701,1784587925568.0,9632.51
tc-62-60000,1784588042779.203,1784588043181,1784588045568.0,1784588045611.7075,401.797,2387.0,43.708,1784587925568.0,2832.505
tc-63-60000,1784588037979.1921,1784588038981,1784588045568.0,1784588045611.7712,1001.808,6587.0,43.771,1784587925568.0,7632.579
tc-64-60000,1784588039779.1929,1784588040031,1784588045568.0,1784588045611.7722,251.807,5537.0,43.772,1784587925568.0,5832.579
tc-65-60000,1784588037729.2002,1784588037932,1784588045568.0,1784588045611.7732,202.8,7636.0,43.773,1784587925568.0,7882.573
tc-66-60000,1784588040129.1897,1784588041081,1784588045568.0,1784588045611.7935,951.81,4487.0,43.793,1784587925568.0,5482.604
tc-67-60000,1784588037279.2043,1784588037932,1784588045568.0,1784588045611.7942,652.796,7636.0,43.794,1784587925568.0,8332.59
tc-68-60000,1784588038929.1985,1784588038981,1784588045569.0,1784588045611.795,51.802,6588.0,42.795,1784587925569.0,6682.596
tc-69-60000,1784588038729.1865,1784588038981,1784588045569.0,1784588045611.8066,251.813,6588.0,42.807,1784587925569.0,6882.62
tc-7-60000,1784588031529.1929,1784588031631,1784588045569.0,1784588045611.845,101.807,13938.0,42.845,1784587925569.0,14082.652
tc-70-60000,1784588039329.1938,1784588040031,1784588045569.0,1784588045611.846,701.806,5538.0,42.846,1784587925569.0,6282.652
tc-71-60000,1784588031129.1907,1784588031631,1784588045569.0,1784588045611.8528,501.809,13938.0,42.853,1784587925569.0,14482.662
tc-72-60000,1784588030179.1897,1784588030581,1784588045569.0,1784588045611.8535,401.81,14988.0,42.854,1784587925569.0,15432.664
tc-73-60000,1784588041479.1855,1784588042131,1784588045569.0,1784588045611.854,651.814,3438.0,42.854,1784587925569.0,4132.668
tc-74-60000,1784588029479.1926,1784588029531,1784588045569.0,1784588045611.893,51.807,16038.0,42.893,1784587925569.0,16132.7
tc-75-60000,1784588035279.1982,1784588035831,1784588045569.0,1784588045611.9229,551.802,9738.0,42.923,1784587925569.0,10332.725
tc-76-60000,1784588033879.2097,1784588034781,1784588045569.0,1784588045611.9238,901.79,10788.0,42.924,1784587925569.0,11732.714
tc-77-60000,1784588041279.1934,1784588042131,1784588045569.0,1784588045611.9246,851.807,3438.0,42.925,1784587925569.0,4332.731
tc-78-60000,1784588032179.1892,1784588032681,1784588045569.0,1784588045611.9648,501.811,12888.0,42.965,1784587925569.0,13432.776
tc-79-60000,1784588042429.2024,1784588043181,1784588045569.0,1784588045611.9658,751.798,2388.0,42.966,1784587925569.0,3182.763
tc-8-60000,1784588035229.1926,1784588035831,1784588045569.0,1784588045611.9727,601.807,9738.0,42.973,1784587925569.0,10382.78
tc-80-60000,1784588041129.193,1784588042131,1784588045569.0,1784588045611.9736,1001.807,3438.0,42.974,1784587925569.0,4482.781
tc-81-60000,1784588038079.1907,1784588038981,1784588045569.0,1784588045611.9858,901.809,6588.0,42.986,1784587925569.0,7532.795
tc-82-60000,1784588039679.19,1784588040031,1784588045569.0,1784588045612.0066,351.81,5538.0,43.007,1784587925569.0,5932.817
tc-83-60000,1784588042629.19,1784588043181,1784588045569.0,1784588045612.0076,551.81,2388.0,43.008,1784587925569.0,2982.818
tc-84-60000,1784588040429.1936,1784588041081,1784588045569.0,1784588045612.0635,651.806,4488.0,43.063,1784587925569.0,5182.87
tc-85-60000,1784588035429.1921,1784588035831,1784588045569.0,1784588045612.0645,401.808,9738.0,43.064,1784587925569.0,10182.872
tc-86-60000,1784588042529.197,1784588043181,1784588045569.0,1784588045612.0715,651.803,2388.0,43.072,1784587925569.0,3082.875
tc-87-60000,1784588033279.19,1784588033731,1784588045569.0,1784588045612.0723,451.81,11838.0,43.072,1784587925569.0,12332.882
tc-88-60000,1784588039479.1892,1784588040031,1784588045569.0,1784588045612.073,551.811,5538.0,43.073,1784587925569.0,6132.884
tc-89-60000,1784588042079.192,1784588042131,1784588045569.0,1784588045612.0793,51.808,3438.0,43.079,1784587925569.0,3532.887
tc-9-60000,1784588034579.1907,1784588034781,1784588045569.0,1784588045612.0981,201.809,10788.0,43.098,1784587925569.0,11032.907
tc-90-60000,1784588036979.187,1784588037932,1784588045570.0,1784588045612.1353,952.813,7638.0,42.135,1784587925570.0,8632.948
tc-91-60000,1784588042979.1936,1784588043181,1784588045570.0,1784588045612.1782,201.806,2389.0,42.178,1784587925570.0,2632.985
tc-92-60000,1784588041679.2043,1784588042131,1784588045570.0,1784588045612.1792,451.796,3439.0,42.179,1784587925570.0,3932.975
tc-93-60000,1784588040329.1912,1784588041081,1784588045570.0,1784588045612.1858,751.809,4489.0,42.186,1784587925570.0,5282.995
tc-94-60000,1784588041379.1836,1784588042131,1784588045570.0,1784588045612.2078,751.816,3439.0,42.208,1784587925570.0,4233.024
tc-95-60000,1784588041529.1882,1784588042131,1784588045570.0,1784588045612.3635,601.812,3439.0,42.364,1784587925570.0,4083.175
tc-96-60000,1784588039879.1794,1784588040031,1784588045570.0,1784588045612.3813,151.821,5539.0,42.381,1784587925570.0,5733.202
tc-97-60000,1784588029129.1873,1784588029531,1784588045570.0,1784588045612.383,401.813,16039.0,42.383,1784587925570.0,16483.196
tc-98-60000,1784588036879.191,1784588036882,1784588045570.0,1784588045612.3843,2.809,8688.0,42.384,1784587925570.0,8733.193
tc-99-60000,1784588042679.1885,1784588043181,1784588045570.0,1784588045612.3855,501.812,2389.0,42.385,1784587925570.0,2933.197
tc-0-120000,1784588065979.1926,1784588066281,1784588075017.0,1784588075060.172,301.807,8736.0,43.172,1784587895017.0,9080.979
tc-1-120000,1784588072029.1914,1784588072581,1784588075017.0,1784588075060.1794,551.809,2436.0,43.179,1784587895017.0,3030.988
tc-10-120000,1784588064529.1914,1784588065231,1784588075017.0,1784588075060.1807,701.809,9786.0,43.181,1784587895017.0,10530.989
tc-11-120000,1784588071179.1868,1784588071531,1784588075017.0,1784588075060.1814,351.813,3486.0,43.181,1784587895017.0,3880.995
tc-12-120000,1784588070179.1838,1784588070482,1784588075018.0,1784588075060.1826,302.816,4536.0,42.183,1784587895018.0,4880.999
tc-13-120000,1784588072829.1936,1784588073631,1784588075018.0,1784588075060.1833,801.806,1387.0,42.183,1784587895018.0,2230.99
tc-14-120000,1784588070429.1873,1784588070482,1784588075018.0,1784588075060.1843,52.813,4536.0,42.184,1784587895018.0,4630.997
tc-15-120000,1784588070879.198,1784588071531,1784588075018.0,1784588075060.192,651.802,3487.0,42.192,1784587895018.0,4180.994
tc-16-120000,1784588070929.191,1784588071531,1784588075018.0,1784588075060.1929,601.809,3487.0,42.193,1784587895018.0,4131.002
tc-17-120000,1784588069629.1855,1784588070482,1784588075018.0,1784588075060.199,852.814,4536.0,42.199,1784587895018.0,5431.013
tc-18-120000,1784588070829.1917,1784588071531,1784588075018.0,1784588075060.2007,701.808,3487.0,42.201,1784587895018.0,4231.009
tc-19-120000,1784588072979.1948,1784588073631,1784588075018.0,1784588075060.2021,651.805,1387.0,42.202,1784587895018.0,2081.007
tc-2-120000,1784588072429.1921,1784588072581,1784588075018.0,1784588075060.203,151.808,2437.0,42.203,1784587895018.0,2631.011
tc-20-120000,1784588065829.1846,1784588066281,1784588075018.0,1784588075060.2036,451.815,8737.0,42.204,1784587895018.0,9231.019
tc-21-120000,1784588070529.1968,1784588071531,1784588075018.0,1784588075060.2085,1001.803,3487.0,42.208,1784587895018.0,4531.012
tc-22-120000,1784588067629.19,1784588068381,1784588075018.0,1784588075060.215,751.81,6637.0,42.215,1784587895018.0,7431.025
tc-23-120000,1784588064329.185,1784588065231,1784588075018.0,1784588075060.216,901.815,9787.0,42.216,1784587895018.0,10731.031
tc-24-120000,1784588067229.1924,1784588067331,1784588075018.0,1784588075060.2166,101.808,7687.0,42.217,1784587895018.0,7831.024
tc-25-120000,1784588064479.198,1784588065231,1784588075018.0,1784588075060.2173,751.802,9787.0,42.217,1784587895018.0,10581.019
tc-26-120000,1784588064779.1982,1784588065231,1784588075018.0,1784588075060.218,451.802,9787.0,42.218,1784587895018.0,10281.02
tc-27-120000,1784588072329.189,1784588072581,1784588075018.0,1784588075060.219,251.811,2437.0,42.219,1784587895018.0,2731.03
tc-28-120000,1784588072879.1987,1784588073631,1784588075018.0,1784588075060.2197,751.801,1387.0,42.22,1784587895018.0,2181.021
tc-29-120000,1784588068079.205,1784588068381,1784588075018.0,1784588075060.2205,301.795,6637.0,42.22,1784587895018.0,6981.015
tc-3-120000,1784588067079.1948,1784588067331,1784588075018.0,1784588075060.2212,251.805,7687.0,42.221,1784587895018.0,7981.026
tc-30-120000,1784588072129.197,1784588072581,1784588075018.0,1784588075060.2222,451.803,2437.0,42.222,1784587895018.0,2931.025
tc-31-120000,1784588071779.1887,1784588072581,1784588075018.0,1784588075060.223,801.811,2437.0,42.223,1784587895018.0,3281.034
tc-32-120000,1784588063329.1902,1784588064181,1784588075018.0,1784588075060.2236,851.81,10837.0,42.224,1784587895018.0,11731.033
tc-33-120000,1784588063479.1936,1784588064181,1784588075018.0,1784588075060.2244,701.806,10837.0,42.224,1784587895018.0,11581.031
tc-34-120000,1784588070679.2048,1784588071531,1784588075018.0,1784588075060.225,851.795,3487.0,42.225,1784587895018.0,4381.02
tc-35-120000,1784588064729.1965,1784588065231,1784588075019.0,1784588075060.2256,501.803,9788.0,41.226,1784587895019.0,10331.029
tc-36-120000,1784588072279.1973,1784588072581,1784588075019.0,1784588075060.2263,301.803,2438.0,41.226,1784587895019.0,2781.029
tc-37-120000,1784588070979.1904,1784588071531,1784588075019.0,1784588075060.2268,551.81,3488.0,41.227,1784587895019.0,4081.036
tc-38-120000,1784588051779.1948,1784588052631,1784588075019.0,1784588075060.2273,851.805,22388.0,41.227,1784587895019.0,23281.032
tc-39-120000,1784588071729.1892,1784588072581,1784588075019.0,1784588075060.2285,851.811,2438.0,41.229,1784587895019.0,3331.039
tc-4-120000,1784588070129.1985,1784588070482,1784588075019.0,1784588075060.2292,352.802,4537.0,41.229,1784587895019.0,4931.031
tc-40-120000,1784588062929.207,1784588063131,1784588075019.0,1784588075060.23,201.793,11888.0,41.23,1784587895019.0,12131.023
tc-41-120000,1784588069029.2036,1784588069431,1784588075019.0,1784588075060.2307,401.796,5588.0,41.231,1784587895019.0,6031.027
tc-42-120000,1784588068729.1912,1784588069431,1784588075019.0,1784588075060.2312,701.809,5588.0,41.231,1784587895019.0,6331.04
tc-43-120000,1784588073029.1956,1784588073631,1784588075019.0,1784588075060.232,601.804,1388.0,41.232,1784587895019.0,2031.036
tc-44-120000,1784588072579.1917,1784588072581,1784588075019.0,1784588075060.2327,1.808,2438.0,41.233,1784587895019.0,2481.041
tc-45-120000,1784588073079.1965,1784588073631,1784588075019.0,1784588075060.2332,551.803,1388.0,41.233,1784587895019.0,1981.037
tc-46-120000,1784588071529.1843,1784588071531,1784588075019.0,1784588075060.238,1.816,3488.0,41.238,1784587895019.0,3531.054
tc-47-120000,1784588065879.1921,1784588066281,1784588075019.0,1784588075060.2712,401.808,8738.0,41.271,1784587895019.0,9181.079
tc-48-120000,1784588066379.1965,1784588067331,1784588075019.0,1784588075060.2722,951.803,7688.0,41.272,1784587895019.0,8681.076
tc-49-120000,1784588071929.1987,1784588072581,1784588075019.0,1784588075060.273,651.801,2438.0,41.273,1784587895019.0,3131.074
tc-5-120000,1784588070379.1953,1784588070482,1784588075019.0,1784588075061.271,102.805,4537.0,42.271,1784587895019.0,4682.076
tc-50-120000,1784588069679.191,1784588070482,1784588075019.0,1784588075061.2747,802.809,4537.0,42.275,1784587895019.0,5382.084
tc-51-120000,1784588068929.191,1784588069431,1784588075019.0,1784588075061.2754,501.809,5588.0,42.275,1784587895019.0,6132.084
tc-52-120000,1784588071029.1892,1784588071531,1784588075019.0,1784588075061.2764,501.811,3488.0,42.276,1784587895019.0,4032.087
tc-53-120000,1784588063629.1934,1784588064181,1784588075019.0,1784588075061.277,551.807,10838.0,42.277,1784587895019.0,11432.084
tc-54-120000,1784588069229.1912,1784588069431,1784588075019.0,1784588075061.289,201.809,5588.0,42.289,1784587895019.0,5832.098
tc-55-120000,1784588069479.195,1784588070482,1784588075019.0,1784588075061.2903,1002.805,4537.0,42.29,1784587895019.0,5582.095
tc-56-120000,1784588072729.1953,1784588073631,1784588075019.0,1784588075061.2908,901.805,1388.0,42.291,1784587895019.0,2332.095
tc-57-120000,1784588066629.1921,1784588067331,1784588075019.0,1784588075061.2915,701.808,7688.0,42.292,1784587895019.0,8432.099
tc-58-120000,1784588071279.1917,1784588071531,1784588075020.0,1784588075061.292,251.808,3489.0,41.292,1784587895020.0,3782.1
tc-59-120000,1784588070729.2056,1784588071531,1784588075020.0,1784588075061.2927,801.794,3489.0,41.293,1784587895020.0,4332.087
tc-6-120000,1784588068579.189,1784588069431,1784588075020.0,1784588075061.2932,851.811,5589.0,41.293,1784587895020.0,6482.104
tc-60-120000,1784588071679.1973,1784588072581,1784588075020.0,1784588075061.2937,901.803,2439.0,41.294,1784587895020.0,3382.096
tc-61-120000,1784588063229.1873,1784588064181,1784588075020.0,1784588075061.2944,951.813,10839.0,41.294,1784587895020.0,11832.107
tc-62-120000,1784588072229.193,1784588072581,1784588075020.0,1784588075061.2947,351.807,2439.0,41.295,1784587895020.0,2832.102
tc-63-120000,1784588065429.1885,1784588066281,1784588075020.0,1784588075061.2954,851.812,8739.0,41.295,1784587895020.0,9632.107
tc-64-120000,1784588069529.1936,1784588070482,1784588075020.0,1784588075061.2961,952.806,4538.0,41.296,1784587895020.0,5532.103
tc-65-120000,1784588071879.1948,1784588072581,1784588075020.0,1784588075061.2966,701.805,2439.0,41.297,1784587895020.0,3182.102
tc-66-120000,1784588072679.194,1784588073631,1784588075020.0,1784588075061.3013,951.806,1389.0,41.301,1784587895020.0,2382.107
tc-67-120000,1784588069379.1978,1784588069431,1784588075020.0,1784588075061.3018,51.802,5589.0,41.302,1784587895020.0,5682.104
tc-68-120000,1784588070779.197,1784588071531,1784588075020.0,1784588075061.3022,751.803,3489.0,41.302,1784587895020.0,4282.105
tc-69-120000,1784588071229.1897,1784588071531,1784588075020.0,1784588075061.3027,301.81,3489.0,41.303,1784587895020.0,3832.113
tc-7-120000,1784588072379.1975,1784588072581,1784588075020.0,1784588075061.3035,201.802,2439.0,41.303,1784587895020.0,2682.106
tc-70-120000,1784588072479.1953,1784588072581,1784588075020.0,1784588075061.304,101.805,2439.0,41.304,1784587895020.0,2582.109
tc-71-120000,1784588072179.1904,1784588072581,1784588075020.0,1784588075061.3066,401.81,2439.0,41.307,1784587895020.0,2882.116
tc-72-120000,1784588068829.19,1784588069431,1784588075020.0,1784588075061.3071,601.81,5589.0,41.307,1784587895020.0,6232.117
tc-73-120000,1784588067379.1907,1784588068381,1784588075020.0,1784588075061.3076,1001.809,6639.0,41.308,1784587895020.0,7682.117
tc-74-120000,1784588071979.1924,1784588072581,1784588075020.0,1784588075061.308,601.808,2439.0,41.308,1784587895020.0,3082.116
tc-75-120000,1784588068029.1943,1784588068381,1784588075020.0,1784588075061.312,351.806,6639.0,41.312,1784587895020.0,7032.118
tc-76-120000,1784588068429.1938,1784588069431,1784588075020.0,1784588075061.3127,1001.806,5589.0,41.313,1784587895020.0,6632.119
tc-77-120000,1784588072529.1904,1784588072581,1784588075020.0,1784588075061.3132,51.81,2439.0,41.313,1784587895020.0,2532.123
tc-78-120000,1784588071629.1912,1784588072581,1784588075020.0,1784588075061.3137,951.809,2439.0,41.314,1784587895020.0,3432.123
tc-79-120000,1784588066879.1978,1784588067331,1784588075020.0,1784588075061.3142,451.802,7689.0,41.314,1784587895020.0,8182.116
tc-8-120000,1784588069429.1912,1784588069431,1784588075021.0,1784588075061.3147,1.809,5590.0,40.315,1784587895021.0,5632.124
tc-80-120000,1784588069279.1946,1784588069431,1784588075021.0,1784588075061.3154,151.805,5590.0,40.315,1784587895021.0,5782.121
tc-81-120000,1784588068329.1946,1784588068381,1784588075021.0,1784588075061.3157,51.805,6640.0,40.316,1784587895021.0,6732.121
tc-82-120000,1784588069879.2024,1784588070482,1784588075021.0,1784588075061.3162,602.798,4539.0,40.316,1784587895021.0,5182.114
tc-83-120000,1784588060979.1824,1784588061031,1784588075021.0,1784588075061.3167,51.818,13990.0,40.317,1784587895021.0,14082.134
tc-84-120000,1784588072629.1978,1784588073631,1784588075021.0,1784588075061.3171,1001.802,1390.0,40.317,1784587895021.0,2432.119
tc-85-120000,1784588068129.2004,1784588068381,1784588075021.0,1784588075061.3176,251.8,6640.0,40.318,1784587895021.0,6932.117
tc-86-120000,1784588072929.1926,1784588073631,1784588075021.0,1784588075061.318,701.807,1390.0,40.318,1784587895021.0,2132.125
tc-87-120000,1784588069129.2083,1784588069431,1784588075021.0,1784588075061.3186,301.792,5590.0,40.319,1784587895021.0,5932.11
tc-88-120000,1784588071329.2,1784588071531,1784588075021.0,1784588075061.337,201.8,3490.0,40.337,1784587895021.0,3732.137
tc-89-120000,1784588067479.1958,1784588068381,1784588075021.0,1784588075061.3376,901.804,6640.0,40.338,1784587895021.0,7582.142
tc-9-120000,1784588062029.1936,1784588062081,1784588075021.0,1784588075061.3416,51.806,12940.0,40.342,1784587895021.0,13032.148
tc-90-120000,1784588064879.202,1784588065231,1784588075021.0,1784588075061.3423,351.798,9790.0,40.342,1784587895021.0,10182.14
tc-91-120000,1784588066329.1926,1784588067331,1784588075021.0,1784588075061.3428,1001.807,7690.0,40.343,1784587895021.0,8732.15
tc-92-120000,1784588065179.1821,1784588065231,1784588075021.0,1784588075061.343,51.818,9790.0,40.343,1784587895021.0,9882.161
tc-93-120000,1784588066579.199,1784588067331,1784588075021.0,1784588075061.344,751.801,7690.0,40.344,1784587895021.0,8482.145
tc-94-120000,1784588072779.1924,1784588073631,1784588075021.0,1784588075061.3445,851.808,1390.0,40.344,1784587895021.0,2282.152
tc-95-120000,1784588061779.2014,1784588062081,1784588075021.0,1784588075061.345,301.799,12940.0,40.345,1784587895021.0,13282.144
tc-96-120000,1784588066429.1975,1784588067331,1784588075021.0,1784588075061.3489,901.802,7690.0,40.349,1784587895021.0,8632.151
tc-97-120000,1784588067829.1958,1784588068381,1784588075021.0,1784588075061.3494,551.804,6640.0,40.349,1784587895021.0,7232.154
tc-98-120000,1784588064379.1855,1784588065231,1784588075021.0,1784588075061.3499,851.814,9790.0,40.35,1784587895021.0,10682.164
tc-99-120000,1784588061829.192,1784588062081,1784588075021.0,1784588075061.3506,251.808,12940.0,40.351,1784587895021.0,13232.159
tc-0-180000,1784588080179.1868,1784588080981,1784588084621.0,1784588084660.7195,801.813,3640.0,39.719,1784587844621.0,4481.533
tc-1-180000,1784588079079.1912,1784588079931,1784588084622.0,1784588084660.7222,851.809,4691.0,38.722,1784587844622.0,5581.531
tc-11-180000,1784588081929.1968,1784588082031,1784588084622.0,1784588084660.7231,101.803,2591.0,38.723,1784587844622.0,2731.526
tc-12-180000,1784588079429.1943,1784588079931,1784588084622.0,1784588084660.7239,501.806,4691.0,38.724,1784587844622.0,5231.53
tc-13-180000,1784588073729.1968,1784588074681,1784588084622.0,1784588084660.7246,951.803,9941.0,38.725,1784587844622.0,10931.528
tc-14-180000,1784588081129.2017,1784588082031,1784588084622.0,1784588084660.725,901.798,2591.0,38.725,1784587844622.0,3531.523
tc-15-180000,1784588081379.1958,1784588082031,1784588084622.0,1784588084660.7256,651.804,2591.0,38.726,1784587844622.0,3281.53
tc-16-180000,1784588082629.187,1784588083081,1784588084622.0,1784588084660.726,451.813,1541.0,38.726,1784587844622.0,2031.539
tc-18-180000,1784588078629.177,1784588078881,1784588084622.0,1784588084660.7266,251.823,5741.0,38.727,1784587844622.0,6031.55
tc-19-180000,1784588081829.2065,1784588082031,1784588084622.0,1784588084660.728,201.793,2591.0,38.728,1784587844622.0,2831.521
tc-2-180000,1784588080779.1926,1784588080981,1784588084622.0,1784588084660.7285,201.807,3641.0,38.729,1784587844622.0,3881.536
tc-20-180000,1784588080029.1914,1784588080981,1784588084622.0,1784588084660.729,951.809,3641.0,38.729,1784587844622.0,4631.538
tc-21-180000,1784588079329.195,1784588079931,1784588084622.0,1784588084660.7295,601.805,4691.0,38.729,1784587844622.0,5331.534
tc-22-180000,1784588080879.199,1784588080981,1784588084622.0,1784588084660.73,101.801,3641.0,38.73,1784587844622.0,3781.531
tc-23-180000,1784588080979.1946,1784588080981,1784588084622.0,1784588084660.7305,1.805,3641.0,38.73,1784587844622.0,3681.536
tc-24-180000,1784588081529.1956,1784588082031,1784588084622.0,1784588084660.731,501.804,2591.0,38.731,1784587844622.0,3131.535
tc-25-180000,1784588078529.1948,1784588078881,1784588084622.0,1784588084660.7314,351.805,5741.0,38.731,1784587844622.0,6131.537
tc-26-180000,1784588082529.1877,1784588083081,1784588084622.0,1784588084660.732,551.812,1541.0,38.732,1784587844622.0,2131.544
tc-27-180000,1784588082979.1953,1784588083081,1784588084622.0,1784588084660.7446,101.805,1541.0,38.745,1784587844622.0,1681.549
tc-28-180000,1784588079979.1921,1784588080981,1784588084622.0,1784588084660.7454,1001.808,3641.0,38.745,1784587844622.0,4681.553
tc-29-180000,1784588076129.191,1784588076781,1784588084622.0,1784588084660.7573,651.809,7841.0,38.757,1784587844622.0,8531.566
tc-3-180000,1784588078779.1943,1784588078881,1784588084622.0,1784588084660.758,101.806,5741.0,38.758,1784587844622.0,5881.564
tc-30-180000,1784588082129.1873,1784588083081,1784588084622.0,1784588084660.7585,951.813,1541.0,38.759,1784587844622.0,2531.571
tc-31-180000,1784588082879.1924,1784588083081,1784588084622.0,1784588084660.759,201.808,1541.0,38.759,1784587844622.0,1781.567
tc-32-180000,1784588080329.1975,1784588080981,1784588084622.0,1784588084660.7595,651.802,3641.0,38.76,1784587844622.0,4331.562
tc-34-180000,1784588081979.1953,1784588082031,1784588084622.0,1784588084660.76,51.805,2591.0,38.76,1784587844622.0,2681.565
tc-35-180000,1784588074079.1912,1784588074681,1784588084622.0,1784588084660.7603,601.809,9941.0,38.76,1784587844622.0,10581.569
tc-36-180000,1784588081579.1956,1784588082031,1784588084622.0,1784588084660.7942,451.804,2591.0,38.794,1784587844622.0,3081.599
tc-37-180000,1784588081029.1985,1784588082031,1784588084623.0,1784588084660.795,1001.802,2592.0,37.795,1784587844623.0,3631.596
tc-38-180000,1784588082429.205,1784588083081,1784588084623.0,1784588084660.7954,651.795,1542.0,37.795,1784587844623.0,2231.59
tc-39-180000,1784588076879.1985,1784588077831,1784588084623.0,1784588084660.796,951.802,6792.0,37.796,1784587844623.0,7781.597
tc-4-180000,1784588081679.2078,1784588082031,1784588084623.0,1784588084660.7964,351.792,2592.0,37.796,1784587844623.0,2981.589
tc-41-180000,1784588079179.179,1784588079931,1784588084623.0,1784588084660.7969,751.821,4692.0,37.797,1784587844623.0,5481.618
tc-42-180000,1784588075079.1948,1784588075731,1784588084623.0,1784588084660.7974,651.805,8892.0,37.797,1784587844623.0,9581.603
tc-43-180000,1784588081779.1912,1784588082031,1784588084623.0,1784588084660.82,251.809,2592.0,37.82,1784587844623.0,2881.629
tc-44-180000,1784588081429.1973,1784588082031,1784588084623.0,1784588084660.8206,601.803,2592.0,37.821,1784587844623.0,3231.623
tc-45-180000,1784588080929.1987,1784588080981,1784588084623.0,1784588084660.8481,51.801,3642.0,37.848,1784587844623.0,3731.649
tc-46-180000,1784588076829.1907,1784588077831,1784588084623.0,1784588084660.8545,1001.809,6792.0,37.854,1784587844623.0,7831.664
tc-47-180000,1784588082829.1938,1784588083081,1784588084623.0,1784588084660.8552,251.806,1542.0,37.855,1784587844623.0,1831.661
tc-49-180000,1784588081229.2002,1784588082031,1784588084623.0,1784588084660.965,801.8,2592.0,37.965,1784587844623.0,3431.765
tc-5-180000,1784588079829.1995,1784588079931,1784588084623.0,1784588084660.968,101.801,4692.0,37.968,1784587844623.0,4831.769
tc-50-180000,1784588079729.1882,1784588079931,1784588084623.0,1784588084661.4082,201.812,4692.0,38.408,1784587844623.0,4932.22
tc-51-180000,1784588082279.2017,1784588083081,1784588084623.0,1784588084661.4104,801.798,1542.0,38.41,1784587844623.0,2382.209
tc-52-180000,1784588080629.1929,1784588080981,1784588084623.0,1784588084661.4114,351.807,3642.0,38.411,1784587844623.0,4032.219
tc-53-180000,1784588080279.207,1784588080981,1784588084623.0,1784588084661.412,701.793,3642.0,38.412,1784587844623.0,4382.205
tc-54-180000,1784588075279.1921,1784588075731,1784588084623.0,1784588084661.4128,451.808,8892.0,38.413,1784587844623.0,9382.221
tc-55-180000,1784588078979.1887,1784588079931,1784588084623.0,1784588084661.4138,951.811,4692.0,38.414,1784587844623.0,5682.225
tc-56-180000,1784588082779.201,1784588083081,1784588084623.0,1784588084661.4148,301.799,1542.0,38.415,1784587844623.0,1882.214
tc-57-180000,1784588082579.196,1784588083081,1784588084623.0,1784588084661.4158,501.804,1542.0,38.416,1784587844623.0,2082.22
tc-58-180000,1784588080229.1868,1784588080981,1784588084623.0,1784588084661.4165,751.813,3642.0,38.417,1784587844623.0,4432.23
tc-59-180000,1784588078929.1716,1784588079931,1784588084623.0,1784588084661.4175,1001.828,4692.0,38.417,1784587844623.0,5732.246
tc-6-180000,1784588079879.1948,1784588079931,1784588084623.0,1784588084661.4182,51.805,4692.0,38.418,1784587844623.0,4782.223
tc-60-180000,1784588082479.1714,1784588083081,1784588084623.0,1784588084661.419,601.829,1542.0,38.419,1784587844623.0,2182.248
tc-63-180000,1784588080379.2053,1784588080981,1784588084623.0,1784588084661.4219,601.795,3642.0,38.422,1784587844623.0,4282.217
tc-64-180000,1784588077379.191,1784588077831,1784588084623.0,1784588084661.4229,451.809,6792.0,38.423,1784587844623.0,7282.232
tc-65-180000,1784588078729.1853,1784588078881,1784588084623.0,1784588084661.4236,151.815,5742.0,38.424,1784587844623.0,5932.238
tc-66-180000,1784588078879.192,1784588078881,1784588084623.0,1784588084661.425,1.808,5742.0,38.425,1784587844623.0,5782.233
tc-68-180000,1784588081179.1858,1784588082031,1784588084623.0,1784588084661.4258,851.814,2592.0,38.426,1784587844623.0,3482.24
tc-7-180000,1784588079029.186,1784588079931,1784588084624.0,1784588084661.4265,901.814,4693.0,37.427,1784587844624.0,5632.24
tc-70-180000,1784588077979.1907,1784588078881,1784588084624.0,1784588084661.4272,901.809,5743.0,37.427,1784587844624.0,6682.237
tc-71-180000,1784588081079.201,1784588082031,1784588084624.0,1784588084661.428,951.799,2593.0,37.428,1784587844624.0,3582.227
tc-72-180000,1784588078329.1826,1784588078881,1784588084624.0,1784588084661.4287,551.817,5743.0,37.429,1784587844624.0,6332.246
tc-73-180000,1784588076329.1843,1784588076781,1784588084624.0,1784588084661.4297,451.816,7843.0,37.43,1784587844624.0,8332.245
tc-74-180000,1784588082379.1924,1784588083081,1784588084624.0,1784588084661.4304,701.808,1543.0,37.43,1784587844624.0,2282.238
tc-75-180000,1784588080079.1978,1784588080981,1784588084624.0,1784588084661.4312,901.802,3643.0,37.431,1784587844624.0,4582.233
tc-76-180000,1784588082729.1902,1784588083081,1784588084624.0,1784588084661.4375,351.81,1543.0,37.438,1784587844624.0,1932.247
tc-77-180000,1784588082929.1904,1784588083081,1784588084624.0,1784588084661.466,151.81,1543.0,37.466,1784587844624.0,1732.276
tc-78-180000,1784588073179.1892,1784588073631,1784588084624.0,1784588084661.4668,451.811,10993.0,37.467,1784587844624.0,11482.278
tc-79-180000,1784588075629.1914,1784588075731,1784588084624.0,1784588084661.4673,101.809,8893.0,37.467,1784587844624.0,9032.276
tc-8-180000,1784588081329.1912,1784588082031,1784588084624.0,1784588084661.4678,701.809,2593.0,37.468,1784587844624.0,3332.277
tc-80-180000,1784588082329.1948,1784588083081,1784588084624.0,1784588084661.4683,751.805,1543.0,37.468,1784587844624.0,2332.273
tc-82-180000,1784588078379.2004,1784588078881,1784588084624.0,1784588084661.4688,501.8,5743.0,37.469,1784587844624.0,6282.268
tc-83-180000,1784588076979.5334,1784588077831,1784588084624.0,1784588084661.4695,851.467,6793.0,37.469,1784587844624.0,7681.936
tc-85-180000,1784588081729.1929,1784588082031,1784588084624.0,1784588084661.47,301.807,2593.0,37.47,1784587844624.0,2932.277
tc-86-180000,1784588083079.1902,1784588083081,1784588084624.0,1784588084661.4705,1.81,1543.0,37.47,1784587844624.0,1582.28
tc-87-180000,1784588075779.189,1784588076781,1784588084624.0,1784588084661.471,1001.811,7843.0,37.471,1784587844624.0,8882.282
tc-88-180000,1784588077779.1904,1784588077831,1784588084624.0,1784588084661.4714,51.81,6793.0,37.471,1784587844624.0,6882.281
tc-9-180000,1784588078829.1882,1784588078881,1784588084624.0,1784588084661.472,51.812,5743.0,37.472,1784587844624.0,5832.284
tc-90-180000,1784588082679.2063,1784588083081,1784588084624.0,1784588084661.4724,401.794,1543.0,37.472,1784587844624.0,1982.266
tc-91-180000,1784588080729.199,1784588080981,1784588084624.0,1784588084661.473,251.801,3643.0,37.473,1784587844624.0,3932.274
tc-92-180000,1784588077729.186,1784588077831,1784588084624.0,1784588084661.4734,101.814,6793.0,37.473,1784587844624.0,6932.287
tc-94-180000,1784588073329.1895,1784588073631,1784588084624.0,1784588084661.474,301.811,10993.0,37.474,1784587844624.0,11332.285
tc-95-180000,1784588076679.2114,1784588076781,1784588084624.0,1784588084661.4746,101.789,7843.0,37.475,1784587844624.0,7982.263
tc-96-180000,1784588083029.1812,1784588083081,1784588084624.0,1784588084661.4941,51.819,1543.0,37.494,1784587844624.0,1632.313
tc-97-180000,1784588079779.1968,1784588079931,1784588084624.0,1784588084661.4949,151.803,4693.0,37.495,1784587844624.0,4882.298
tc-98-180000,1784588079129.1863,1784588079931,1784588084624.0,1784588084661.5164,801.814,4693.0,37.516,1784587844624.0,5532.33
