e-0	41	970	0
e-1	19	404	100
e-2	83	49	200
e-3	9	840	300
e-4	68	96	400
e-5	46	596	500
e-6	7	931	600
e-7	64	219	700
e-8	4	88	800
e-9	55	428	900
e-10	8	246	1000
e-11	11	564	1100
e-12	54	60	1200
e-13	72	126	1300
e-14	28	645	1400
e-15	80	596	1500
e-16	7	590	1600
e-17	74	406	1700
e-18	6	999	1800
e-19	28	47	1900
e-20	71	879	2000
e-21	17	296	2100
e-22	53	147	2200
e-23	69	120	2300
e-24	73	315	2400
e-25	71	835	2500
e-26	87	185	2600
e-27	13	595	2700
e-28	73	654	2800
e-29	24	381	2900
e-30	12	560	3000
e-31	91	64	3100
e-32	72	61	3200
e-33	79	210	3300
e-34	63	696	3400
e-35	68	437	3500
e-36	99	321	3600
e-37	59	599	3700
e-38	58	370	3800
e-39	38	254	3900
e-40	23	715	4000
e-41	99	249	4100
e-42	10	588	4200
e-43	38	537	4300
e-44	63	896	4400
e-45	43	746	4500
e-46	57	294	4600
e-47	77	74	4700
e-48	15	524	4800
e-49	53	168	4900
e-50	96	350	5000
e-51	19	955	5100
e-52	62	431	5200
e-53	5	985	5300
e-54	85	79	5400
e-55	97	571	5500
e-56	73	808	5600
e-57	40	348	5700
e-58	88	358	5800
e-59	76	508	5900
e-60	74	816	6000
e-61	58	70	6100
e-62	11	967	6200
e-63	34	485	6300
e-64	89	680	6400
e-65	8	62	6500
e-66	93	718	6600
e-67	39	662	6700
e-68	73	697	6800
e-69	57	291	6900
e-70	91	395	7000
e-71	85	355	7100
e-72	2	963	7200
e-73	59	363	7300
e-74	21	625	7400
e-75	14	505	7500
e-76	7	223	7600
e-77	98	294	7700
e-78	16	756	7800
e-79	31	407	7900
e-80	50	938	8000
e-81	63	82	8100
e-82	21	459	8200
e-83	51	562	8300
e-84	35	904	8400
e-85	17	838	8500
e-86	55	884	8600
e-87	70	285	8700
e-88	90	425	8800
e-89	45	699	8900
e-90	48	980	9000
e-91	29	154	9100
e-92	10	180	9200
e-93	19	237	9300
e-94	84	238	9400
e-95	1	496	9500
e-96	75	186	9600
e-97	33	288	9700
e-98	0	149	9800
e-99	53	547	9900
e-100	47	624	10000
e-101	72	326	10100
e-102	16	707	10200
e-103	65	973	10300
e-104	79	670	10400
e-105	86	757	10500
e-106	6	467	10600
e-107	99	974	10700
e-108	87	817	10800
e-109	71	401	10900
e-110	50	408	11000
e-111	50	106	11100
e-112	61	649	11200
e-113	51	63	11300
e-114	24	68	11400
e-115	26	451	11500
e-116	20	112	11600
e-117	43	615	11700
e-118	6	104	11800
e-119	0	580	11900
e-120	19	549	12000
e-121	12	971	12100
e-122	46	628	12200
e-123	3	72	12300
e-124	26	628	12400
e-125	48	152	12500
e-126	81	258	12600
e-127	44	616	12700
e-128	46	485	12800
e-129	15	118	12900
e-130	62	477	13000
e-131	61	495	13100
e-132	39	87	13200
e-133	18	104	13300
e-134	95	350	13400
e-135	94	271	13500
e-136	61	848	13600
e-137	88	165	13700
e-138	66	23	13800
e-139	26	973	13900
e-140	67	370	14000
e-141	18	706	14100
e-142	69	936	14200
e-143	3	776	14300
e-144	67	305	14400
e-145	82	884	14500
e-146	11	712	14600
e-147	33	530	14700
e-148	46	930	14800
e-149	21	364	14900
e-150	98	228	15000
e-151	68	554	15100
e-152	99	514	15200
e-153	42	651	15300
e-154	28	627	15400
e-155	97	873	15500
e-156	24	825	15600
e-157	30	837	15700
e-158	51	757	15800
e-159	29	204	15900
e-160	66	504	16000
e-161	45	748	16100
e-162	3	28	16200
e-163	35	483	16300
e-164	33	198	16400
e-165	88	619	16500
e-166	44	457	16600
e-167	92	357	16700
e-168	46	82	16800
e-169	28	104	16900
e-170	29	481	17000
e-171	25	345	17100
e-172	26	494	17200
e-173	79	921	17300
e-174	78	860	17400
e-175	0	490	17500
e-176	83	352	17600
e-177	82	86	17700
e-178	84	122	17800
e-179	49	801	17900
e-180	91	768	18000
e-181	25	489	18100
e-182	22	444	18200
e-183	81	340	18300
e-184	11	820	18400
e-185	92	405	18500
e-186	59	411	18600
e-187	95	969	18700
e-188	10	742	18800
e-189	20	174	18900
e-190	16	28	19000
e-191	19	604	19100
e-192	59	825	19200
e-193	83	149	19300
e-194	78	846	19400
e-195	76	485	19500
e-196	84	959	19600
e-197	44	159	19700
e-198	70	561	19800
e-199	16	21	19900
e-200	1	818	20000
e-201	92	665	20100
e-202	13	539	20200
e-203	95	956	20300
e-204	17	444	20400
e-205	24	845	20500
e-206	27	28	20600
e-207	32	217	20700
e-208	37	513	20800
e-209	30	782	20900
e-210	75	333	21000
e-211	33	557	21100
e-212	53	854	21200
e-213	16	62	21300
e-214	94	362	21400
e-215	58	678	21500
e-216	74	834	21600
e-217	66	430	21700
e-218	64	133	21800
e-219	68	155	21900
e-220	67	522	22000
e-221	2	893	22100
e-222	56	795	22200
e-223	23	623	22300
e-224	0	794	22400
e-225	19	176	22500
e-226	18	484	22600
e-227	79	742	22700
e-228	15	569	22800
e-229	7	333	22900
e-230	87	530	23000
e-231	67	568	23100
e-232	61	803	23200
e-233	99	108	23300
e-234	71	58	23400
e-235	31	195	23500
e-236	35	43	23600
e-237	98	100	23700
e-238	64	463	23800
e-239	71	28	23900
e-240	97	915	24000
e-241	8	453	24100
e-242	41	627	24200
e-243	64	620	24300
e-244	65	204	24400
e-245	88	283	24500
e-246	57	520	24600
e-247	68	826	24700
e-248	61	519	24800
e-249	31	715	24900
e-250	66	897	25000
e-251	33	944	25100
e-252	71	914	25200
e-253	25	860	25300
e-254	57	140	25400
e-255	53	124	25500
e-256	50	452	25600
e-257	40	74	25700
e-258	85	246	25800
e-259	54	74	25900
e-260	27	685	26000
e-261	38	802	26100
e-262	15	918	26200
e-263	99	158	26300
e-264	91	658	26400
e-265	84	374	26500
e-266	18	259	26600
e-267	17	990	26700
e-268	59	224	26800
e-269	95	975	26900
e-270	12	407	27000
e-271	62	166	27100
e-272	85	852	27200
e-273	28	165	27300
e-274	90	441	27400
e-275	65	413	27500
e-276	43	431	27600
e-277	25	365	27700
e-278	40	94	27800
e-279	92	374	27900
e-280	2	346	28000
e-281	70	469	28100
e-282	56	720	28200
e-283	2	393	28300
e-284	42	529	28400
e-285	79	302	28500
e-286	65	983	28600
e-287	8	115	28700
e-288	29	995	28800
e-289	13	86	28900
e-290	33	278	29000
e-291	5	927	29100
e-292	99	185	29200
e-293	34	773	29300
e-294	16	839	29400
e-295	54	869	29500
e-296	86	838	29600
e-297	33	415	29700
e-298	19	549	29800
e-299	65	584	29900
e-300	63	717	30000
e-301	41	91	30100
e-302	35	58	30200
e-303	88	187	30300
e-304	54	916	30400
e-305	9	275	30500
e-306	2	649	30600
e-307	11	820	30700
e-308	33	85	30800
e-309	77	876	30900
e-310	28	68	31000
e-311	33	883	31100
e-312	15	464	31200
e-313	1	347	31300
e-314	70	427	31400
e-315	34	636	31500
e-316	16	44	31600
e-317	67	726	31700
e-318	30	960	31800
e-319	14	992	31900
e-320	20	268	32000
e-321	6	185	32100
e-322	25	954	32200
e-323	39	643	32300
e-324	39	543	32400
e-325	97	210	32500
e-326	37	456	32600
e-327	64	688	32700
e-328	22	277	32800
e-329	44	822	32900
e-330	2	256	33000
e-331	4	15	33100
e-332	2	750	33200
e-333	64	564	33300
e-334	24	526	33400
e-335	60	251	33500
e-336	57	108	33600
e-337	84	838	33700
e-338	83	442	33800
e-339	84	506	33900
e-340	69	854	34000
e-341	50	993	34100
e-342	64	315	34200
e-343	88	220	34300
e-344	29	350	34400
e-345	25	852	34500
e-346	90	746	34600
e-347	81	143	34700
e-348	51	355	34800
e-349	6	857	34900
e-350	16	14	35000
e-351	9	640	35100
e-352	94	900	35200
e-353	32	441	35300
e-354	20	56	35400
e-355	10	681	35500
e-356	48	891	35600
e-357	64	686	35700
e-358	36	613	35800
e-359	31	709	35900
e-360	37	46	36000
e-361	58	189	36100
e-362	20	275	36200
e-363	57	3	36300
e-364	33	372	36400
e-365	42	995	36500
e-366	70	331	36600
e-367	31	35	36700
e-368	39	223	36800
e-369	45	187	36900
e-370	0	343	37000
e-371	48	85	37100
e-372	60	285	37200
e-373	64	671	37300
e-374	25	254	37400
e-375	64	794	37500
e-376	0	93	37600
e-377	33	836	37700
e-378	11	147	37800
e-379	51	600	37900
e-380	5	403	38000
e-381	2	306	38100
e-382	38	644	38200
e-383	29	86	38300
e-384	74	980	38400
e-385	67	873	38500
e-386	96	158	38600
e-387	84	914	38700
e-388	91	802	38800
e-389	76	398	38900
e-390	97	333	39000
e-391	92	506	39100
e-392	19	290	39200
e-393	92	633	39300
e-394	82	148	39400
e-395	5	844	39500
e-396	91	913	39600
e-397	65	642	39700
e-398	54	751	39800
e-399	89	831	39900
e-400	64	142	40000
e-401	67	770	40100
e-402	64	582	40200
e-403	2	846	40300
e-404	87	598	40400
e-405	91	699	40500
e-406	88	658	40600
e-407	29	87	40700
e-408	3	42	40800
e-409	17	652	40900
e-410	46	982	41000
e-411	13	385	41100
e-412	57	571	41200
e-413	6	642	41300
e-414	2	641	41400
e-415	68	697	41500
e-416	31	501	41600
e-417	33	3	41700
e-418	58	816	41800
e-419	8	766	41900
e-420	64	919	42000
e-421	68	94	42100
e-422	84	538	42200
e-423	8	763	42300
e-424	94	485	42400
e-425	32	828	42500
e-426	9	866	42600
e-427	33	240	42700
e-428	93	774	42800
e-429	26	236	42900
e-430	94	665	43000
e-431	58	505	43100
e-432	48	78	43200
e-433	61	932	43300
e-434	87	294	43400
e-435	98	47	43500
e-436	78	647	43600
e-437	82	203	43700
e-438	9	614	43800
e-439	18	339	43900
e-440	32	667	44000
e-441	95	709	44100
e-442	38	636	44200
e-443	72	136	44300
e-444	1	493	44400
e-445	7	497	44500
e-446	34	995	44600
e-447	86	101	44700
e-448	88	222	44800
e-449	86	501	44900
e-450	37	725	45000
e-451	66	292	45100
e-452	59	477	45200
e-453	59	785	45300
e-454	15	915	45400
e-455	70	204	45500
e-456	39	87	45600
e-457	60	17	45700
e-458	37	469	45800
e-459	9	839	45900
e-460	64	991	46000
e-461	57	275	46100
e-462	49	214	46200
e-463	26	76	46300
e-464	74	92	46400
e-465	18	765	46500
e-466	67	268	46600
e-467	46	135	46700
e-468	77	839	46800
e-469	80	520	46900
e-470	35	908	47000
e-471	14	720	47100
e-472	46	236	47200
e-473	63	919	47300
e-474	62	403	47400
e-475	3	162	47500
e-476	0	972	47600
e-477	62	697	47700
e-478	57	415	47800
e-479	38	744	47900
e-480	18	426	48000
e-481	44	385	48100
e-482	40	123	48200
e-483	42	1	48300
e-484	41	768	48400
e-485	43	859	48500
e-486	50	122	48600
e-487	25	730	48700
e-488	1	923	48800
e-489	94	296	48900
e-490	32	381	49000
e-491	8	402	49100
e-492	49	890	49200
e-493	75	78	49300
e-494	46	947	49400
e-495	54	773	49500
e-496	35	874	49600
e-497	6	287	49700
e-498	13	52	49800
e-499	84	292	49900
e-500	81	958	50000
e-501	19	255	50100
e-502	34	446	50200
e-503	65	323	50300
e-504	24	791	50400
e-505	47	803	50500
e-506	54	905	50600
e-507	3	831	50700
e-508	97	646	50800
e-509	51	935	50900
e-510	70	562	51000
e-511	26	736	51100
e-512	10	50	51200
e-513	93	420	51300
e-514	57	629	51400
e-515	96	141	51500
e-516	82	890	51600
e-517	36	497	51700
e-518	6	933	51800
e-519	70	130	51900
e-520	21	483	52000
e-521	53	351	52100
e-522	36	304	52200
e-523	32	756	52300
e-524	94	999	52400
e-525	83	266	52500
e-526	51	671	52600
e-527	30	308	52700
e-528	61	570	52800
e-529	85	403	52900
e-530	15	171	53000
e-531	82	165	53100
e-532	9	212	53200
e-533	64	927	53300
e-534	63	563	53400
e-535	28	463	53500
e-536	42	777	53600
e-537	57	437	53700
e-538	17	560	53800
e-539	24	249	53900
e-540	11	178	54000
e-541	43	569	54100
e-542	11	326	54200
e-543	30	377	54300
e-544	33	828	54400
e-545	72	206	54500
e-546	2	767	54600
e-547	52	392	54700
e-548	52	763	54800
e-549	67	215	54900
e-550	48	276	55000
e-551	43	770	55100
e-552	7	510	55200
e-553	35	588	55300
e-554	46	128	55400
e-555	87	515	55500
e-556	67	644	55600
e-557	27	94	55700
e-558	34	918	55800
e-559	31	393	55900
e-560	51	661	56000
e-561	57	442	56100
e-562	39	869	56200
e-563	2	130	56300
e-564	4	435	56400
e-565	90	782	56500
e-566	60	991	56600
e-567	75	501	56700
e-568	0	74	56800
e-569	50	952	56900
e-570	67	875	57000
e-571	59	995	57100
e-572	57	254	57200
e-573	13	229	57300
e-574	19	155	57400
e-575	66	995	57500
e-576	87	111	57600
e-577	92	717	57700
e-578	82	866	57800
e-579	97	916	57900
e-580	58	87	58000
e-581	70	795	58100
e-582	5	1	58200
e-583	16	238	58300
e-584	72	941	58400
e-585	4	660	58500
e-586	91	311	58600
e-587	16	641	58700
e-588	32	540	58800
e-589	81	447	58900
e-590	89	782	59000
e-591	14	101	59100
e-592	9	307	59200
e-593	67	966	59300
e-594	74	196	59400
e-595	49	267	59500
e-596	28	809	59600
e-597	76	1	59700
e-598	1	550	59800
e-599	38	471	59900
e-600	35	981	60000
e-601	40	660	60100
e-602	31	486	60200
e-603	67	240	60300
e-604	70	252	60400
e-605	3	983	60500
e-606	52	721	60600
e-607	83	314	60700
e-608	7	22	60800
e-609	24	510	60900
e-610	86	662	61000
e-611	53	83	61100
e-612	32	233	61200
e-613	85	434	61300
e-614	47	232	61400
e-615	63	34	61500
e-616	89	346	61600
e-617	91	430	61700
e-618	46	698	61800
e-619	50	202	61900
e-620	0	816	62000
e-621	37	756	62100
e-622	64	69	62200
e-623	26	507	62300
e-624	25	319	62400
e-625	98	839	62500
e-626	24	236	62600
e-627	59	226	62700
e-628	33	778	62800
e-629	37	111	62900
e-630	79	507	63000
e-631	78	191	63100
e-632	28	496	63200
e-633	53	932	63300
e-634	85	57	63400
e-635	76	149	63500
e-636	50	55	63600
e-637	27	24	63700
e-638	76	145	63800
e-639	53	53	63900
e-640	90	61	64000
e-641	23	402	64100
e-642	57	919	64200
e-643	91	904	64300
e-644	40	750	64400
e-645	14	81	64500
e-646	21	337	64600
e-647	24	189	64700
e-648	83	958	64800
e-649	67	764	64900
e-650	59	32	65000
e-651	39	680	65100
e-652	92	387	65200
e-653	47	339	65300
e-654	56	173	65400
e-655	13	2	65500
e-656	10	286	65600
e-657	10	359	65700
e-658	53	978	65800
e-659	15	574	65900
e-660	97	212	66000
e-661	48	365	66100
e-662	98	841	66200
e-663	39	841	66300
e-664	55	89	66400
e-665	6	722	66500
e-666	60	200	66600
e-667	47	554	66700
e-668	57	197	66800
e-669	41	372	66900
e-670	94	918	67000
e-671	60	31	67100
e-672	80	420	67200
e-673	31	831	67300
e-674	80	785	67400
e-675	51	41	67500
e-676	48	35	67600
e-677	59	64	67700
e-678	7	263	67800
e-679	24	765	67900
e-680	8	920	68000
e-681	77	347	68100
e-682	46	278	68200
e-683	42	980	68300
e-684	78	44	68400
e-685	33	764	68500
e-686	91	706	68600
e-687	40	946	68700
e-688	35	304	68800
e-689	0	738	68900
e-690	96	609	69000
e-691	81	969	69100
e-692	8	24	69200
e-693	29	109	69300
e-694	60	732	69400
e-695	59	976	69500
e-696	99	395	69600
e-697	32	935	69700
e-698	55	834	69800
e-699	63	135	69900
e-700	63	187	70000
e-701	1	821	70100
e-702	94	310	70200
e-703	88	791	70300
e-704	19	621	70400
e-705	30	335	70500
e-706	40	471	70600
e-707	46	802	70700
e-708	76	80	70800
e-709	65	202	70900
e-710	50	770	71000
e-711	20	253	71100
e-712	52	66	71200
e-713	83	34	71300
e-714	61	565	71400
e-715	69	333	71500
e-716	20	436	71600
e-717	13	73	71700
e-718	33	639	71800
e-719	10	213	71900
e-720	12	431	72000
e-721	63	726	72100
e-722	57	177	72200
e-723	29	136	72300
e-724	53	471	72400
e-725	79	912	72500
e-726	86	240	72600
e-727	95	551	72700
e-728	99	680	72800
e-729	97	124	72900
e-730	99	861	73000
e-731	37	300	73100
e-732	35	580	73200
e-733	34	381	73300
e-734	32	755	73400
e-735	33	203	73500
e-736	56	253	73600
e-737	23	251	73700
e-738	30	157	73800
e-739	36	905	73900
e-740	74	192	74000
e-741	41	66	74100
e-742	50	257	74200
e-743	31	519	74300
e-744	67	236	74400
e-745	83	827	74500
e-746	12	669	74600
e-747	59	37	74700
e-748	13	4	74800
e-749	60	904	74900
e-750	29	860	75000
e-751	57	936	75100
e-752	47	41	75200
e-753	37	238	75300
e-754	15	51	75400
e-755	24	614	75500
e-756	74	198	75600
e-757	9	381	75700
e-758	65	886	75800
e-759	22	459	75900
e-760	77	266	76000
e-761	99	796	76100
e-762	85	968	76200
e-763	0	108	76300
e-764	81	610	76400
e-765	90	634	76500
e-766	44	222	76600
e-767	4	377	76700
e-768	43	144	76800
e-769	5	208	76900
e-770	32	39	77000
e-771	76	749	77100
e-772	83	935	77200
e-773	26	834	77300
e-774	1	838	77400
e-775	41	418	77500
e-776	86	380	77600
e-777	23	635	77700
e-778	39	79	77800
e-779	26	32	77900
e-780	63	561	78000
e-781	61	64	78100
e-782	52	103	78200
e-783	50	679	78300
e-784	70	158	78400
e-785	81	546	78500
e-786	11	668	78600
e-787	20	407	78700
e-788	89	277	78800
e-789	52	290	78900
e-790	85	314	79000
e-791	53	976	79100
e-792	6	319	79200
e-793	95	580	79300
e-794	45	424	79400
e-795	53	18	79500
e-796	98	821	79600
e-797	46	659	79700
e-798	25	400	79800
e-799	93	414	79900
e-800	26	964	80000
e-801	0	444	80100
e-802	20	433	80200
e-803	14	840	80300
e-804	11	415	80400
e-805	73	904	80500
e-806	46	471	80600
e-807	98	166	80700
e-808	16	15	80800
e-809	6	564	80900
e-810	18	656	81000
e-811	50	91	81100
e-812	73	637	81200
e-813	47	754	81300
e-814	64	175	81400
e-815	18	356	81500
e-816	36	165	81600
e-817	66	175	81700
e-818	8	111	81800
e-819	49	502	81900
e-820	96	824	82000
e-821	25	308	82100
e-822	16	857	82200
e-823	5	998	82300
e-824	61	322	82400
e-825	6	622	82500
e-826	81	397	82600
e-827	11	925	82700
e-828	91	635	82800
e-829	88	844	82900
e-830	20	655	83000
e-831	28	635	83100
e-832	51	629	83200
e-833	25	849	83300
e-834	60	187	83400
e-835	72	223	83500
e-836	5	409	83600
e-837	66	160	83700
e-838	49	367	83800
e-839	15	153	83900
e-840	31	993	84000
e-841	92	835	84100
e-842	24	42	84200
e-843	71	862	84300
e-844	96	688	84400
e-845	4	683	84500
e-846	41	120	84600
e-847	49	613	84700
e-848	58	563	84800
e-849	80	796	84900
e-850	39	664	85000
e-851	53	315	85100
e-852	74	255	85200
e-853	54	398	85300
e-854	84	376	85400
e-855	57	515	85500
e-856	56	183	85600
e-857	2	3	85700
e-858	79	501	85800
e-859	59	240	85900
e-860	57	781	86000
e-861	79	798	86100
e-862	58	856	86200
e-863	22	829	86300
e-864	60	409	86400
e-865	13	68	86500
e-866	16	367	86600
e-867	55	374	86700
e-868	11	821	86800
e-869	56	516	86900
e-870	65	672	87000
e-871	5	41	87100
e-872	81	133	87200
e-873	10	944	87300
e-874	93	321	87400
e-875	99	737	87500
e-876	65	81	87600
e-877	6	770	87700
e-878	64	916	87800
e-879	48	668	87900
e-880	17	26	88000
e-881	8	628	88100
e-882	93	709	88200
e-883	14	198	88300
e-884	16	906	88400
e-885	62	294	88500
e-886	21	702	88600
e-887	92	952	88700
e-888	28	67	88800
e-889	44	625	88900
e-890	96	258	89000
e-891	20	331	89100
e-892	78	281	89200
e-893	58	147	89300
e-894	32	514	89400
e-895	61	213	89500
e-896	75	269	89600
e-897	78	518	89700
e-898	30	326	89800
e-899	47	37	89900
e-900	25	186	90000
e-901	51	165	90100
e-902	81	958	90200
e-903	35	695	90300
e-904	41	916	90400
e-905	48	172	90500
e-906	33	117	90600
e-907	98	543	90700
e-908	6	651	90800
e-909	46	989	90900
e-910	57	568	91000
e-911	66	593	91100
e-912	88	903	91200
e-913	13	258	91300
e-914	68	644	91400
e-915	50	755	91500
e-916	47	271	91600
e-917	48	377	91700
e-918	73	149	91800
e-919	46	338	91900
e-920	97	83	92000
e-921	56	235	92100
e-922	22	630	92200
e-923	95	980	92300
e-924	6	303	92400
e-925	66	259	92500
e-926	39	654	92600
e-927	74	950	92700
e-928	84	917	92800
e-929	40	750	92900
e-930	0	765	93000
e-931	4	226	93100
e-932	19	297	93200
e-933	78	640	93300
e-934	55	427	93400
e-935	65	372	93500
e-936	6	135	93600
e-937	62	232	93700
e-938	78	668	93800
e-939	5	22	93900
e-940	6	2	94000
e-941	72	363	94100
e-942	38	108	94200
e-943	66	365	94300
e-944	68	229	94400
e-945	52	597	94500
e-946	38	603	94600
e-947	17	209	94700
e-948	46	638	94800
e-949	60	162	94900
e-950	17	14	95000
e-951	31	724	95100
e-952	19	461	95200
e-953	12	65	95300
e-954	81	148	95400
e-955	85	800	95500
e-956	34	411	95600
e-957	33	990	95700
e-958	1	57	95800
e-959	82	840	95900
e-960	71	914	96000
e-961	44	608	96100
e-962	82	592	96200
e-963	56	616	96300
e-964	66	751	96400
e-965	63	254	96500
e-966	21	925	96600
e-967	0	45	96700
e-968	7	544	96800
e-969	3	415	96900
e-970	23	243	97000
e-971	20	59	97100
e-972	99	107	97200
e-973	1	627	97300
e-974	70	672	97400
e-975	25	145	97500
e-976	52	204	97600
e-977	66	622	97700
e-978	82	519	97800
e-979	82	656	97900
e-980	53	832	98000
e-981	78	178	98100
e-982	65	316	98200
e-983	8	307	98300
e-984	80	49	98400
e-985	92	801	98500
e-986	61	732	98600
e-987	68	6	98700
e-988	48	864	98800
e-989	55	763	98900
e-990	59	82	99000
e-991	94	671	99100
e-992	57	179	99200
e-993	28	107	99300
e-994	33	237	99400
e-995	82	39	99500
e-996	15	343	99600
e-997	95	947	99700
e-998	88	965	99800
e-999	33	728	99900
e-1000	6	272	100000
e-1001	81	567	100100
e-1002	86	446	100200
e-1003	87	807	100300
e-1004	66	995	100400
e-1005	33	302	100500
e-1006	82	950	100600
e-1007	27	87	100700
e-1008	64	15	100800
e-1009	21	266	100900
e-1010	30	861	101000
e-1011	95	207	101100
e-1012	20	764	101200
e-1013	41	196	101300
e-1014	49	336	101400
e-1015	76	244	101500
e-1016	48	929	101600
e-1017	80	943	101700
e-1018	88	681	101800
e-1019	68	480	101900
e-1020	60	859	102000
e-1021	67	714	102100
e-1022	0	878	102200
e-1023	3	447	102300
e-1024	92	239	102400
e-1025	73	905	102500
e-1026	39	808	102600
e-1027	27	400	102700
e-1028	79	599	102800
e-1029	9	578	102900
e-1030	21	148	103000
e-1031	4	27	103100
e-1032	14	109	103200
e-1033	79	951	103300
e-1034	20	353	103400
e-1035	18	717	103500
e-1036	3	31	103600
e-1037	5	141	103700
e-1038	88	658	103800
e-1039	81	43	103900
e-1040	89	69	104000
e-1041	94	47	104100
e-1042	8	877	104200
e-1043	75	780	104300
e-1044	46	204	104400
e-1045	68	912	104500
e-1046	85	67	104600
e-1047	96	936	104700
e-1048	91	966	104800
e-1049	49	109	104900
e-1050	31	210	105000
e-1051	26	114	105100
e-1052	4	35	105200
e-1053	96	649	105300
e-1054	11	844	105400
e-1055	96	646	105500
e-1056	80	294	105600
e-1057	61	102	105700
e-1058	16	100	105800
e-1059	96	661	105900
e-1060	26	301	106000
e-1061	40	344	106100
e-1062	54	267	106200
e-1063	2	359	106300
e-1064	32	952	106400
e-1065	36	49	106500
e-1066	91	778	106600
e-1067	47	932	106700
e-1068	41	787	106800
e-1069	77	515	106900
e-1070	60	871	107000
e-1071	36	633	107100
e-1072	95	31	107200
e-1073	52	31	107300
e-1074	55	531	107400
e-1075	98	100	107500
e-1076	44	480	107600
e-1077	90	49	107700
e-1078	68	579	107800
e-1079	27	731	107900
e-1080	11	588	108000
e-1081	36	174	108100
e-1082	55	1	108200
e-1083	67	206	108300
e-1084	36	780	108400
e-1085	96	55	108500
e-1086	0	356	108600
e-1087	62	97	108700
e-1088	62	711	108800
e-1089	23	990	108900
e-1090	63	606	109000
e-1091	44	980	109100
e-1092	65	266	109200
e-1093	73	966	109300
e-1094	20	290	109400
e-1095	27	960	109500
e-1096	89	237	109600
e-1097	63	169	109700
e-1098	14	961	109800
e-1099	81	785	109900
e-1100	10	502	110000
e-1101	89	574	110100
e-1102	13	643	110200
e-1103	41	364	110300
e-1104	12	410	110400
e-1105	50	913	110500
e-1106	95	88	110600
e-1107	54	909	110700
e-1108	82	25	110800
e-1109	47	211	110900
e-1110	38	269	111000
e-1111	54	922	111100
e-1112	69	513	111200
e-1113	21	388	111300
e-1114	80	239	111400
e-1115	58	129	111500
e-1116	68	608	111600
e-1117	96	705	111700
e-1118	96	619	111800
e-1119	82	34	111900
e-1120	44	595	112000
e-1121	41	534	112100
e-1122	19	888	112200
e-1123	57	677	112300
e-1124	70	759	112400
e-1125	41	173	112500
e-1126	59	449	112600
e-1127	88	791	112700
e-1128	32	593	112800
e-1129	29	129	112900
e-1130	42	473	113000
e-1131	82	906	113100
e-1132	89	243	113200
e-1133	64	196	113300
e-1134	34	308	113400
e-1135	96	720	113500
e-1136	79	158	113600
e-1137	92	159	113700
e-1138	31	740	113800
e-1139	41	617	113900
e-1140	66	356	114000
e-1141	20	241	114100
e-1142	41	978	114200
e-1143	24	264	114300
e-1144	93	104	114400
e-1145	21	985	114500
e-1146	84	104	114600
e-1147	25	393	114700
e-1148	19	151	114800
e-1149	38	750	114900
e-1150	38	445	115000
e-1151	35	200	115100
e-1152	13	653	115200
e-1153	13	287	115300
e-1154	26	906	115400
e-1155	49	475	115500
e-1156	4	12	115600
e-1157	51	874	115700
e-1158	55	710	115800
e-1159	28	512	115900
e-1160	80	303	116000
e-1161	59	22	116100
e-1162	18	263	116200
e-1163	77	755	116300
e-1164	51	5	116400
e-1165	94	248	116500
e-1166	55	717	116600
e-1167	73	601	116700
e-1168	95	662	116800
e-1169	53	866	116900
e-1170	29	683	117000
e-1171	92	668	117100
e-1172	99	657	117200
e-1173	89	597	117300
e-1174	29	695	117400
e-1175	23	656	117500
e-1176	15	464	117600
e-1177	55	320	117700
e-1178	33	643	117800
e-1179	89	100	117900
e-1180	53	248	118000
e-1181	51	730	118100
e-1182	91	644	118200
e-1183	20	256	118300
e-1184	54	494	118400
e-1185	58	20	118500
e-1186	79	879	118600
e-1187	52	530	118700
e-1188	86	676	118800
e-1189	23	915	118900
e-1190	83	335	119000
e-1191	99	10	119100
e-1192	49	851	119200
e-1193	62	929	119300
e-1194	13	39	119400
e-1195	32	556	119500
e-1196	27	164	119600
e-1197	91	800	119700
e-1198	25	531	119800
e-1199	44	103	119900
e-1200	73	467	120000
e-1201	69	209	120100
e-1202	91	487	120200
e-1203	65	16	120300
e-1204	81	811	120400
e-1205	47	534	120500
e-1206	43	420	120600
e-1207	94	970	120700
e-1208	58	215	120800
e-1209	87	188	120900
e-1210	50	526	121000
e-1211	97	955	121100
e-1212	15	746	121200
e-1213	78	364	121300
e-1214	81	57	121400
e-1215	32	280	121500
e-1216	48	409	121600
e-1217	7	13	121700
e-1218	9	428	121800
e-1219	53	643	121900
e-1220	89	691	122000
e-1221	45	594	122100
e-1222	33	111	122200
e-1223	28	310	122300
e-1224	94	410	122400
e-1225	67	994	122500
e-1226	28	820	122600
e-1227	50	473	122700
e-1228	27	168	122800
e-1229	16	951	122900
e-1230	99	70	123000
e-1231	81	197	123100
e-1232	60	657	123200
e-1233	71	738	123300
e-1234	28	834	123400
e-1235	18	361	123500
e-1236	85	654	123600
e-1237	52	479	123700
e-1238	37	778	123800
e-1239	70	665	123900
e-1240	16	798	124000
e-1241	60	363	124100
e-1242	29	273	124200
e-1243	90	385	124300
e-1244	87	259	124400
e-1245	54	695	124500
e-1246	23	493	124600
e-1247	0	824	124700
e-1248	92	818	124800
e-1249	35	366	124900
e-1250	31	670	125000
e-1251	38	328	125100
e-1252	61	496	125200
e-1253	54	638	125300
e-1254	81	87	125400
e-1255	84	918	125500
e-1256	46	156	125600
e-1257	38	874	125700
e-1258	49	58	125800
e-1259	10	847	125900
e-1260	72	927	126000
e-1261	41	802	126100
e-1262	17	543	126200
e-1263	44	648	126300
e-1264	74	15	126400
e-1265	84	11	126500
e-1266	26	974	126600
e-1267	9	671	126700
e-1268	37	256	126800
e-1269	77	103	126900
e-1270	74	146	127000
e-1271	29	190	127100
e-1272	99	462	127200
e-1273	44	803	127300
e-1274	19	213	127400
e-1275	51	810	127500
e-1276	68	171	127600
e-1277	78	912	127700
e-1278	88	622	127800
e-1279	11	684	127900
e-1280	70	806	128000
e-1281	81	858	128100
e-1282	38	202	128200
e-1283	63	709	128300
e-1284	27	543	128400
e-1285	10	759	128500
e-1286	56	687	128600
e-1287	14	568	128700
e-1288	15	270	128800
e-1289	53	239	128900
e-1290	17	484	129000
e-1291	63	570	129100
e-1292	7	495	129200
e-1293	59	927	129300
e-1294	18	717	129400
e-1295	62	252	129500
e-1296	63	168	129600
e-1297	69	613	129700
e-1298	94	6	129800
e-1299	20	860	129900
e-1300	41	479	130000
e-1301	89	576	130100
e-1302	63	681	130200
e-1303	37	860	130300
e-1304	59	383	130400
e-1305	54	428	130500
e-1306	86	77	130600
e-1307	23	652	130700
e-1308	46	651	130800
e-1309	82	29	130900
e-1310	2	624	131000
e-1311	5	698	131100
e-1312	94	953	131200
e-1313	42	828	131300
e-1314	12	522	131400
e-1315	61	496	131500
e-1316	96	919	131600
e-1317	18	34	131700
e-1318	27	735	131800
e-1319	53	640	131900
e-1320	16	346	132000
e-1321	12	882	132100
e-1322	84	374	132200
e-1323	43	485	132300
e-1324	99	538	132400
e-1325	70	789	132500
e-1326	26	290	132600
e-1327	55	350	132700
e-1328	54	257	132800
e-1329	70	53	132900
e-1330	37	299	133000
e-1331	45	847	133100
e-1332	63	413	133200
e-1333	42	515	133300
e-1334	34	893	133400
e-1335	64	353	133500
e-1336	26	670	133600
e-1337	63	810	133700
e-1338	15	338	133800
e-1339	24	324	133900
e-1340	91	306	134000
e-1341	16	600	134100
e-1342	81	89	134200
e-1343	5	408	134300
e-1344	92	567	134400
e-1345	51	558	134500
e-1346	73	50	134600
e-1347	51	307	134700
e-1348	13	6	134800
e-1349	5	194	134900
e-1350	60	623	135000
e-1351	98	673	135100
e-1352	7	807	135200
e-1353	64	931	135300
e-1354	69	626	135400
e-1355	48	631	135500
e-1356	18	641	135600
e-1357	86	713	135700
e-1358	88	610	135800
e-1359	87	84	135900
e-1360	27	40	136000
e-1361	85	648	136100
e-1362	58	640	136200
e-1363	97	178	136300
e-1364	12	679	136400
e-1365	23	890	136500
e-1366	4	431	136600
e-1367	99	103	136700
e-1368	83	13	136800
e-1369	47	892	136900
e-1370	17	805	137000
e-1371	39	575	137100
e-1372	90	264	137200
e-1373	38	189	137300
e-1374	53	35	137400
e-1375	40	20	137500
e-1376	55	579	137600
e-1377	82	592	137700
e-1378	6	509	137800
e-1379	72	534	137900
e-1380	5	844	138000
e-1381	15	792	138100
e-1382	53	589	138200
e-1383	89	940	138300
e-1384	51	457	138400
e-1385	8	14	138500
e-1386	87	396	138600
e-1387	76	606	138700
e-1388	84	159	138800
e-1389	60	788	138900
e-1390	52	561	139000
e-1391	13	84	139100
e-1392	82	483	139200
e-1393	27	917	139300
e-1394	19	641	139400
e-1395	1	437	139500
e-1396	0	9	139600
e-1397	87	685	139700
e-1398	15	989	139800
e-1399	11	223	139900
e-1400	15	132	140000
e-1401	60	18	140100
e-1402	35	736	140200
e-1403	72	248	140300
e-1404	57	751	140400
e-1405	95	191	140500
e-1406	6	374	140600
e-1407	99	765	140700
e-1408	91	711	140800
e-1409	18	747	140900
e-1410	97	86	141000
e-1411	37	643	141100
e-1412	71	726	141200
e-1413	63	471	141300
e-1414	85	954	141400
e-1415	32	935	141500
e-1416	6	734	141600
e-1417	4	11	141700
e-1418	7	15	141800
e-1419	83	703	141900
e-1420	79	81	142000
e-1421	49	318	142100
e-1422	39	746	142200
e-1423	76	169	142300
e-1424	62	623	142400
e-1425	7	323	142500
e-1426	47	971	142600
e-1427	73	745	142700
e-1428	56	481	142800
e-1429	86	170	142900
e-1430	18	989	143000
e-1431	14	371	143100
e-1432	82	167	143200
e-1433	80	821	143300
e-1434	53	488	143400
e-1435	49	796	143500
e-1436	57	967	143600
e-1437	34	803	143700
e-1438	96	580	143800
e-1439	42	299	143900
e-1440	35	62	144000
e-1441	79	997	144100
e-1442	83	720	144200
e-1443	76	340	144300
e-1444	77	743	144400
e-1445	1	851	144500
e-1446	19	615	144600
e-1447	39	598	144700
e-1448	54	999	144800
e-1449	31	385	144900
e-1450	49	701	145000
e-1451	48	616	145100
e-1452	98	917	145200
e-1453	29	826	145300
e-1454	57	290	145400
e-1455	88	1	145500
e-1456	41	269	145600
e-1457	34	432	145700
e-1458	20	600	145800
e-1459	97	908	145900
e-1460	5	295	146000
e-1461	18	831	146100
e-1462	73	150	146200
e-1463	35	998	146300
e-1464	70	701	146400
e-1465	99	935	146500
e-1466	63	355	146600
e-1467	68	87	146700
e-1468	69	566	146800
e-1469	62	816	146900
e-1470	48	205	147000
e-1471	96	739	147100
e-1472	29	316	147200
e-1473	77	58	147300
e-1474	86	404	147400
e-1475	59	725	147500
e-1476	26	948	147600
e-1477	32	600	147700
e-1478	96	9	147800
e-1479	49	470	147900
e-1480	69	89	148000
e-1481	68	825	148100
e-1482	45	790	148200
e-1483	8	238	148300
e-1484	50	593	148400
e-1485	66	918	148500
e-1486	33	906	148600
e-1487	66	328	148700
e-1488	61	518	148800
e-1489	75	206	148900
e-1490	24	217	149000
e-1491	24	94	149100
e-1492	23	825	149200
e-1493	89	296	149300
e-1494	46	591	149400
e-1495	72	367	149500
e-1496	51	798	149600
e-1497	66	877	149700
e-1498	19	252	149800
e-1499	5	944	149900
e-1500	63	383	150000
e-1501	13	380	150100
e-1502	80	474	150200
e-1503	10	159	150300
e-1504	40	611	150400
e-1505	3	353	150500
e-1506	35	531	150600
e-1507	77	21	150700
e-1508	12	34	150800
e-1509	26	891	150900
e-1510	72	497	151000
e-1511	75	580	151100
e-1512	27	267	151200
e-1513	99	286	151300
e-1514	54	99	151400
e-1515	57	785	151500
e-1516	75	838	151600
e-1517	77	986	151700
e-1518	16	260	151800
e-1519	4	346	151900
e-1520	25	185	152000
e-1521	48	85	152100
e-1522	3	52	152200
e-1523	4	570	152300
e-1524	47	891	152400
e-1525	90	469	152500
e-1526	62	969	152600
e-1527	8	883	152700
e-1528	76	655	152800
e-1529	50	944	152900
e-1530	15	723	153000
e-1531	11	263	153100
e-1532	40	578	153200
e-1533	29	656	153300
e-1534	11	979	153400
e-1535	85	518	153500
e-1536	50	187	153600
e-1537	57	870	153700
e-1538	20	379	153800
e-1539	30	738	153900
e-1540	28	176	154000
e-1541	4	964	154100
e-1542	32	963	154200
e-1543	45	60	154300
e-1544	70	926	154400
e-1545	3	857	154500
e-1546	6	264	154600
e-1547	65	726	154700
e-1548	94	662	154800
e-1549	97	495	154900
e-1550	7	103	155000
e-1551	18	325	155100
e-1552	96	5	155200
e-1553	25	693	155300
e-1554	95	305	155400
e-1555	75	605	155500
e-1556	56	776	155600
e-1557	83	107	155700
e-1558	60	331	155800
e-1559	47	263	155900
e-1560	49	127	156000
e-1561	47	492	156100
e-1562	48	172	156200
e-1563	56	244	156300
e-1564	18	936	156400
e-1565	86	913	156500
e-1566	1	479	156600
e-1567	91	934	156700
e-1568	24	818	156800
e-1569	4	160	156900
e-1570	28	79	157000
e-1571	79	887	157100
e-1572	47	910	157200
e-1573	95	143	157300
e-1574	99	457	157400
e-1575	12	948	157500
e-1576	49	862	157600
e-1577	2	643	157700
e-1578	9	463	157800
e-1579	43	330	157900
e-1580	29	488	158000
e-1581	14	643	158100
e-1582	46	146	158200
e-1583	42	226	158300
e-1584	94	58	158400
e-1585	23	730	158500
e-1586	57	566	158600
e-1587	18	449	158700
e-1588	19	272	158800
e-1589	53	421	158900
e-1590	31	159	159000
e-1591	3	277	159100
e-1592	73	859	159200
e-1593	37	342	159300
e-1594	21	266	159400
e-1595	62	111	159500
e-1596	40	467	159600
e-1597	61	116	159700
e-1598	19	525	159800
e-1599	7	646	159900
e-1600	85	947	160000
e-1601	27	573	160100
e-1602	61	855	160200
e-1603	36	122	160300
e-1604	32	772	160400
e-1605	25	993	160500
e-1606	46	442	160600
e-1607	33	244	160700
e-1608	30	99	160800
e-1609	49	296	160900
e-1610	53	917	161000
e-1611	20	58	161100
e-1612	92	300	161200
e-1613	18	655	161300
e-1614	2	452	161400
e-1615	64	349	161500
e-1616	65	143	161600
e-1617	56	1	161700
e-1618	67	293	161800
e-1619	23	368	161900
e-1620	55	41	162000
e-1621	52	223	162100
e-1622	35	585	162200
e-1623	23	141	162300
e-1624	23	534	162400
e-1625	98	235	162500
e-1626	91	179	162600
e-1627	25	615	162700
e-1628	10	848	162800
e-1629	11	910	162900
e-1630	77	748	163000
e-1631	63	779	163100
e-1632	35	179	163200
e-1633	26	140	163300
e-1634	78	685	163400
e-1635	90	643	163500
e-1636	24	596	163600
e-1637	39	207	163700
e-1638	1	67	163800
e-1639	88	750	163900
e-1640	66	417	164000
e-1641	92	938	164100
e-1642	7	530	164200
e-1643	44	343	164300
e-1644	36	862	164400
e-1645	81	885	164500
e-1646	63	92	164600
e-1647	1	419	164700
e-1648	97	488	164800
e-1649	17	892	164900
e-1650	85	272	165000
e-1651	31	190	165100
e-1652	72	851	165200
e-1653	46	37	165300
e-1654	20	719	165400
e-1655	47	588	165500
e-1656	76	878	165600
e-1657	0	364	165700
e-1658	66	954	165800
e-1659	57	991	165900
e-1660	66	73	166000
e-1661	15	365	166100
e-1662	91	250	166200
e-1663	41	797	166300
e-1664	91	888	166400
e-1665	48	590	166500
e-1666	96	919	166600
e-1667	7	298	166700
e-1668	13	976	166800
e-1669	93	506	166900
e-1670	57	525	167000
e-1671	3	543	167100
e-1672	68	137	167200
e-1673	2	249	167300
e-1674	11	229	167400
e-1675	79	186	167500
e-1676	21	105	167600
e-1677	39	256	167700
e-1678	71	836	167800
e-1679	3	19	167900
e-1680	12	948	168000
e-1681	89	756	168100
e-1682	24	267	168200
e-1683	2	857	168300
e-1684	76	652	168400
e-1685	73	475	168500
e-1686	66	244	168600
e-1687	89	454	168700
e-1688	13	359	168800
e-1689	12	734	168900
e-1690	22	46	169000
e-1691	34	126	169100
e-1692	59	505	169200
e-1693	74	512	169300
e-1694	97	286	169400
e-1695	14	124	169500
e-1696	15	415	169600
e-1697	17	554	169700
e-1698	75	232	169800
e-1699	29	150	169900
e-1700	85	586	170000
e-1701	59	764	170100
e-1702	50	168	170200
e-1703	2	960	170300
e-1704	81	398	170400
e-1705	88	430	170500
e-1706	76	859	170600
e-1707	77	538	170700
e-1708	4	405	170800
e-1709	6	795	170900
e-1710	46	346	171000
e-1711	51	246	171100
e-1712	42	732	171200
e-1713	55	863	171300
e-1714	72	823	171400
e-1715	41	834	171500
e-1716	51	867	171600
e-1717	71	54	171700
e-1718	41	529	171800
e-1719	18	980	171900
e-1720	87	956	172000
e-1721	45	255	172100
e-1722	54	679	172200
e-1723	80	11	172300
e-1724	46	111	172400
e-1725	67	191	172500
e-1726	8	332	172600
e-1727	55	205	172700
e-1728	64	685	172800
e-1729	2	230	172900
e-1730	17	430	173000
e-1731	50	795	173100
e-1732	58	648	173200
e-1733	5	828	173300
e-1734	5	35	173400
e-1735	82	635	173500
e-1736	34	939	173600
e-1737	86	638	173700
e-1738	34	643	173800
e-1739	69	825	173900
e-1740	4	636	174000
e-1741	12	256	174100
e-1742	15	532	174200
e-1743	1	444	174300
e-1744	30	973	174400
e-1745	5	294	174500
e-1746	14	312	174600
e-1747	44	663	174700
e-1748	21	123	174800
e-1749	7	608	174900
e-1750	65	923	175000
e-1751	34	86	175100
e-1752	59	604	175200
e-1753	68	954	175300
e-1754	18	450	175400
e-1755	15	523	175500
e-1756	16	906	175600
e-1757	37	937	175700
e-1758	52	591	175800
e-1759	36	280	175900
e-1760	31	753	176000
e-1761	11	758	176100
e-1762	69	294	176200
e-1763	58	624	176300
e-1764	88	583	176400
e-1765	28	665	176500
e-1766	49	206	176600
e-1767	70	727	176700
e-1768	46	471	176800
e-1769	70	310	176900
e-1770	78	489	177000
e-1771	60	838	177100
e-1772	39	31	177200
e-1773	31	341	177300
e-1774	28	193	177400
e-1775	65	559	177500
e-1776	49	992	177600
e-1777	74	405	177700
e-1778	1	946	177800
e-1779	45	166	177900
e-1780	30	331	178000
e-1781	71	333	178100
e-1782	62	276	178200
e-1783	36	899	178300
e-1784	27	302	178400
e-1785	7	790	178500
e-1786	2	162	178600
e-1787	70	68	178700
e-1788	77	892	178800
e-1789	44	450	178900
e-1790	84	63	179000
e-1791	66	397	179100
e-1792	56	362	179200
e-1793	94	781	179300
e-1794	13	533	179400
e-1795	28	982	179500
e-1796	86	756	179600
e-1797	19	426	179700
e-1798	43	684	179800
e-1799	45	143	179900
e-1800	86	207	180000
e-1801	78	625	180100
e-1802	35	840	180200
e-1803	66	97	180300
e-1804	94	876	180400
e-1805	95	944	180500
e-1806	97	486	180600
e-1807	34	803	180700
e-1808	80	725	180800
e-1809	80	936	180900
e-1810	90	130	181000
e-1811	52	891	181100
e-1812	13	4	181200
e-1813	52	784	181300
e-1814	70	599	181400
e-1815	15	509	181500
e-1816	50	985	181600
e-1817	73	153	181700
e-1818	53	870	181800
e-1819	35	893	181900
e-1820	79	621	182000
e-1821	14	388	182100
e-1822	57	709	182200
e-1823	58	294	182300
e-1824	92	361	182400
e-1825	37	361	182500
e-1826	50	538	182600
e-1827	71	609	182700
e-1828	49	663	182800
e-1829	41	6	182900
e-1830	95	869	183000
e-1831	63	389	183100
e-1832	56	307	183200
e-1833	23	549	183300
e-1834	38	822	183400
e-1835	18	446	183500
e-1836	73	386	183600
e-1837	74	237	183700
e-1838	11	841	183800
e-1839	42	331	183900
e-1840	77	858	184000
e-1841	31	981	184100
e-1842	41	209	184200
e-1843	54	912	184300
e-1844	1	26	184400
e-1845	6	262	184500
e-1846	72	917	184600
e-1847	63	307	184700
e-1848	68	792	184800
e-1849	39	551	184900
e-1850	79	447	185000
e-1851	66	845	185100
e-1852	66	744	185200
e-1853	87	440	185300
e-1854	49	475	185400
e-1855	45	41	185500
e-1856	76	692	185600
e-1857	44	463	185700
e-1858	1	692	185800
e-1859	8	537	185900
e-1860	29	101	186000
e-1861	52	383	186100
e-1862	64	410	186200
e-1863	83	574	186300
e-1864	73	157	186400
e-1865	24	987	186500
e-1866	53	498	186600
e-1867	51	450	186700
e-1868	98	639	186800
e-1869	75	351	186900
e-1870	88	542	187000
e-1871	95	835	187100
e-1872	11	174	187200
e-1873	46	325	187300
e-1874	46	76	187400
e-1875	39	524	187500
e-1876	22	113	187600
e-1877	83	915	187700
e-1878	37	706	187800
e-1879	43	840	187900
e-1880	65	909	188000
e-1881	53	646	188100
e-1882	20	536	188200
e-1883	37	835	188300
e-1884	65	212	188400
e-1885	64	914	188500
e-1886	24	422	188600
e-1887	23	61	188700
e-1888	80	578	188800
e-1889	77	109	188900
e-1890	45	583	189000
e-1891	80	651	189100
e-1892	92	43	189200
e-1893	88	421	189300
e-1894	1	806	189400
e-1895	0	314	189500
e-1896	90	707	189600
e-1897	70	4	189700
e-1898	38	407	189800
e-1899	12	600	189900
e-1900	1	684	190000
e-1901	3	201	190100
e-1902	22	509	190200
e-1903	98	566	190300
e-1904	72	272	190400
e-1905	82	917	190500
e-1906	68	526	190600
e-1907	18	588	190700
e-1908	25	420	190800
e-1909	77	124	190900
e-1910	18	160	191000
e-1911	66	777	191100
e-1912	65	109	191200
e-1913	3	102	191300
e-1914	9	174	191400
e-1915	66	502	191500
e-1916	59	627	191600
e-1917	55	825	191700
e-1918	7	665	191800
e-1919	1	700	191900
e-1920	98	592	192000
e-1921	41	147	192100
e-1922	91	243	192200
e-1923	45	282	192300
e-1924	21	33	192400
e-1925	34	643	192500
e-1926	12	879	192600
e-1927	74	64	192700
e-1928	44	196	192800
e-1929	57	638	192900
e-1930	49	20	193000
e-1931	6	225	193100
e-1932	50	596	193200
e-1933	97	982	193300
e-1934	5	450	193400
e-1935	6	635	193500
e-1936	30	255	193600
e-1937	28	45	193700
e-1938	20	953	193800
e-1939	75	875	193900
e-1940	22	322	194000
e-1941	0	920	194100
e-1942	58	310	194200
e-1943	53	617	194300
e-1944	32	983	194400
e-1945	63	972	194500
e-1946	8	248	194600
e-1947	86	399	194700
e-1948	86	735	194800
e-1949	74	226	194900
e-1950	52	316	195000
e-1951	51	896	195100
e-1952	91	496	195200
e-1953	2	811	195300
e-1954	31	89	195400
e-1955	22	174	195500
e-1956	45	388	195600
e-1957	23	7	195700
e-1958	37	405	195800
e-1959	71	371	195900
e-1960	14	343	196000
e-1961	68	892	196100
e-1962	49	343	196200
e-1963	51	666	196300
e-1964	8	984	196400
e-1965	15	432	196500
e-1966	44	567	196600
e-1967	31	396	196700
e-1968	24	478	196800
e-1969	36	352	196900
e-1970	30	446	197000
e-1971	4	285	197100
e-1972	85	25	197200
e-1973	43	824	197300
e-1974	19	247	197400
e-1975	90	132	197500
e-1976	11	201	197600
e-1977	34	557	197700
e-1978	16	568	197800
e-1979	56	478	197900
e-1980	30	163	198000
e-1981	47	361	198100
e-1982	27	739	198200
e-1983	51	385	198300
e-1984	80	981	198400
e-1985	74	213	198500
e-1986	38	973	198600
e-1987	60	516	198700
e-1988	26	232	198800
e-1989	57	691	198900
e-1990	16	964	199000
e-1991	90	267	199100
e-1992	76	921	199200
e-1993	56	601	199300
e-1994	47	547	199400
e-1995	31	413	199500
e-1996	77	522	199600
e-1997	27	128	199700
e-1998	96	125	199800
e-1999	86	525	199900
e-2000	11	555	200000
e-2001	34	753	200100
e-2002	98	783	200200
e-2003	49	29	200300
e-2004	84	735	200400
e-2005	72	148	200500
e-2006	39	15	200600
e-2007	49	727	200700
e-2008	11	711	200800
e-2009	22	794	200900
e-2010	29	328	201000
e-2011	24	678	201100
e-2012	13	69	201200
e-2013	71	935	201300
e-2014	46	824	201400
e-2015	64	776	201500
e-2016	38	197	201600
e-2017	8	735	201700
e-2018	39	90	201800
e-2019	28	295	201900
e-2020	16	836	202000
e-2021	91	408	202100
e-2022	36	364	202200
e-2023	51	864	202300
e-2024	59	793	202400
e-2025	80	903	202500
e-2026	80	881	202600
e-2027	16	959	202700
e-2028	35	180	202800
e-2029	3	375	202900
e-2030	86	818	203000
e-2031	84	707	203100
e-2032	44	918	203200
e-2033	52	25	203300
e-2034	84	720	203400
e-2035	89	473	203500
e-2036	31	867	203600
e-2037	51	360	203700
e-2038	80	100	203800
e-2039	23	298	203900
e-2040	14	277	204000
e-2041	77	751	204100
e-2042	28	729	204200
e-2043	86	41	204300
e-2044	51	40	204400
e-2045	77	165	204500
e-2046	55	202	204600
e-2047	96	310	204700
e-2048	19	389	204800
e-2049	94	40	204900
e-2050	70	318	205000
e-2051	80	653	205100
e-2052	22	578	205200
e-2053	29	583	205300
e-2054	63	733	205400
e-2055	66	260	205500
e-2056	55	686	205600
e-2057	87	589	205700
e-2058	44	958	205800
e-2059	0	114	205900
e-2060	97	795	206000
e-2061	83	293	206100
e-2062	5	896	206200
e-2063	74	621	206300
e-2064	89	48	206400
e-2065	31	697	206500
e-2066	14	38	206600
e-2067	40	215	206700
e-2068	99	936	206800
e-2069	44	767	206900
e-2070	11	427	207000
e-2071	88	761	207100
e-2072	50	765	207200
e-2073	78	848	207300
e-2074	28	287	207400
e-2075	67	92	207500
e-2076	44	969	207600
e-2077	54	453	207700
e-2078	43	708	207800
e-2079	64	756	207900
e-2080	88	849	208000
e-2081	80	640	208100
e-2082	57	520	208200
e-2083	6	692	208300
e-2084	89	210	208400
e-2085	54	689	208500
e-2086	65	866	208600
e-2087	99	130	208700
e-2088	62	780	208800
e-2089	24	44	208900
e-2090	89	844	209000
e-2091	71	267	209100
e-2092	22	559	209200
e-2093	20	992	209300
e-2094	99	652	209400
e-2095	30	556	209500
e-2096	33	255	209600
e-2097	7	172	209700
e-2098	45	355	209800
e-2099	52	94	209900
e-2100	25	651	210000
e-2101	39	140	210100
e-2102	17	702	210200
e-2103	90	498	210300
e-2104	85	494	210400
e-2105	30	722	210500
e-2106	30	6	210600
e-2107	65	708	210700
e-2108	56	136	210800
e-2109	82	359	210900
e-2110	89	306	211000
e-2111	17	905	211100
e-2112	90	145	211200
e-2113	75	576	211300
e-2114	30	341	211400
e-2115	80	834	211500
e-2116	15	561	211600
e-2117	54	778	211700
e-2118	21	693	211800
e-2119	85	158	211900
e-2120	76	472	212000
e-2121	98	415	212100
e-2122	26	117	212200
e-2123	88	296	212300
e-2124	1	369	212400
e-2125	62	211	212500
e-2126	5	61	212600
e-2127	35	311	212700
e-2128	25	113	212800
e-2129	89	316	212900
e-2130	57	985	213000
e-2131	14	165	213100
e-2132	41	455	213200
e-2133	59	582	213300
e-2134	46	296	213400
e-2135	21	570	213500
e-2136	9	46	213600
e-2137	1	479	213700
e-2138	96	497	213800
e-2139	10	765	213900
e-2140	91	339	214000
e-2141	94	577	214100
e-2142	33	111	214200
e-2143	82	500	214300
e-2144	55	500	214400
e-2145	24	802	214500
e-2146	69	329	214600
e-2147	1	367	214700
e-2148	11	659	214800
e-2149	36	642	214900
e-2150	78	957	215000
e-2151	93	668	215100
e-2152	89	257	215200
e-2153	83	251	215300
e-2154	10	141	215400
e-2155	95	28	215500
e-2156	3	793	215600
e-2157	50	859	215700
e-2158	18	303	215800
e-2159	47	190	215900
e-2160	81	538	216000
e-2161	87	172	216100
e-2162	13	803	216200
e-2163	92	850	216300
e-2164	39	760	216400
e-2165	78	334	216500
e-2166	48	188	216600
e-2167	82	845	216700
e-2168	45	327	216800
e-2169	29	377	216900
e-2170	17	564	217000
e-2171	47	857	217100
e-2172	32	245	217200
e-2173	7	42	217300
e-2174	13	580	217400
e-2175	80	943	217500
e-2176	90	412	217600
e-2177	6	967	217700
e-2178	27	506	217800
e-2179	54	511	217900
e-2180	93	161	218000
e-2181	38	617	218100
e-2182	74	641	218200
e-2183	10	145	218300
e-2184	88	232	218400
e-2185	20	141	218500
e-2186	56	652	218600
e-2187	51	91	218700
e-2188	5	871	218800
e-2189	56	490	218900
e-2190	24	223	219000
e-2191	92	381	219100
e-2192	0	32	219200
e-2193	78	875	219300
e-2194	65	435	219400
e-2195	18	290	219500
e-2196	9	677	219600
e-2197	7	526	219700
e-2198	90	431	219800
e-2199	43	64	219900
e-2200	56	9	220000
e-2201	85	978	220100
e-2202	22	925	220200
e-2203	92	168	220300
e-2204	48	302	220400
e-2205	0	453	220500
e-2206	72	691	220600
e-2207	44	581	220700
e-2208	25	480	220800
e-2209	10	555	220900
e-2210	41	529	221000
e-2211	58	438	221100
e-2212	68	930	221200
e-2213	80	886	221300
e-2214	19	997	221400
e-2215	51	984	221500
e-2216	77	634	221600
e-2217	10	830	221700
e-2218	7	740	221800
e-2219	86	339	221900
e-2220	77	674	222000
e-2221	38	578	222100
e-2222	73	431	222200
e-2223	47	492	222300
e-2224	84	662	222400
e-2225	17	306	222500
e-2226	43	543	222600
e-2227	81	28	222700
e-2228	24	227	222800
e-2229	86	757	222900
e-2230	57	707	223000
e-2231	10	150	223100
e-2232	84	592	223200
e-2233	47	568	223300
e-2234	74	965	223400
e-2235	53	368	223500
e-2236	67	246	223600
e-2237	72	451	223700
e-2238	50	267	223800
e-2239	14	232	223900
e-2240	23	991	224000
e-2241	25	561	224100
e-2242	95	114	224200
e-2243	28	882	224300
e-2244	32	665	224400
e-2245	12	192	224500
e-2246	67	686	224600
e-2247	32	726	224700
e-2248	62	232	224800
e-2249	70	469	224900
e-2250	28	554	225000
e-2251	73	713	225100
e-2252	14	753	225200
e-2253	65	931	225300
e-2254	75	580	225400
e-2255	10	871	225500
e-2256	52	695	225600
e-2257	9	819	225700
e-2258	56	137	225800
e-2259	64	563	225900
e-2260	64	731	226000
e-2261	96	970	226100
e-2262	14	641	226200
e-2263	92	527	226300
e-2264	13	471	226400
e-2265	87	401	226500
e-2266	69	175	226600
e-2267	24	576	226700
e-2268	60	793	226800
e-2269	11	140	226900
e-2270	47	794	227000
e-2271	79	58	227100
e-2272	51	242	227200
e-2273	6	381	227300
e-2274	5	15	227400
e-2275	89	608	227500
e-2276	27	470	227600
e-2277	38	123	227700
e-2278	90	138	227800
e-2279	54	930	227900
e-2280	11	636	228000
e-2281	25	576	228100
e-2282	14	939	228200
e-2283	93	891	228300
e-2284	45	172	228400
e-2285	46	763	228500
e-2286	43	823	228600
e-2287	97	753	228700
e-2288	87	11	228800
e-2289	32	125	228900
e-2290	30	381	229000
e-2291	65	754	229100
e-2292	67	970	229200
e-2293	45	739	229300
e-2294	62	44	229400
e-2295	77	361	229500
e-2296	12	364	229600
e-2297	70	335	229700
e-2298	77	115	229800
e-2299	4	947	229900
e-2300	86	248	230000
e-2301	32	362	230100
e-2302	24	710	230200
e-2303	57	21	230300
e-2304	74	450	230400
e-2305	14	810	230500
e-2306	2	499	230600
e-2307	14	75	230700
e-2308	33	189	230800
e-2309	19	567	230900
e-2310	37	894	231000
e-2311	87	685	231100
e-2312	48	856	231200
e-2313	18	602	231300
e-2314	32	551	231400
e-2315	88	779	231500
e-2316	34	971	231600
e-2317	56	14	231700
e-2318	3	350	231800
e-2319	19	498	231900
e-2320	64	495	232000
e-2321	4	819	232100
e-2322	4	76	232200
e-2323	23	635	232300
e-2324	82	695	232400
e-2325	76	401	232500
e-2326	60	990	232600
e-2327	20	709	232700
e-2328	57	402	232800
e-2329	29	893	232900
e-2330	78	529	233000
e-2331	9	369	233100
e-2332	42	540	233200
e-2333	27	318	233300
e-2334	16	603	233400
e-2335	79	44	233500
e-2336	27	173	233600
e-2337	46	744	233700
e-2338	59	339	233800
e-2339	73	479	233900
e-2340	49	959	234000
e-2341	45	321	234100
e-2342	0	343	234200
e-2343	74	495	234300
e-2344	42	232	234400
e-2345	2	254	234500
e-2346	58	897	234600
e-2347	77	46	234700
e-2348	80	149	234800
e-2349	93	687	234900
e-2350	18	279	235000
e-2351	49	279	235100
e-2352	8	512	235200
e-2353	33	365	235300
e-2354	72	587	235400
e-2355	67	598	235500
e-2356	17	715	235600
e-2357	4	937	235700
e-2358	71	924	235800
e-2359	98	97	235900
e-2360	25	792	236000
e-2361	54	648	236100
e-2362	73	649	236200
e-2363	12	371	236300
e-2364	36	812	236400
e-2365	30	893	236500
e-2366	18	697	236600
e-2367	9	311	236700
e-2368	97	349	236800
e-2369	94	371	236900
e-2370	65	873	237000
e-2371	81	251	237100
e-2372	44	893	237200
e-2373	70	732	237300
e-2374	51	342	237400
e-2375	7	721	237500
e-2376	43	687	237600
e-2377	41	904	237700
e-2378	61	515	237800
e-2379	47	915	237900
e-2380	31	828	238000
e-2381	30	357	238100
e-2382	19	138	238200
e-2383	26	7	238300
e-2384	85	464	238400
e-2385	51	456	238500
e-2386	50	582	238600
e-2387	98	309	238700
e-2388	21	600	238800
e-2389	8	147	238900
e-2390	38	737	239000
e-2391	39	258	239100
e-2392	93	585	239200
e-2393	70	674	239300
e-2394	43	75	239400
e-2395	24	597	239500
e-2396	10	598	239600
e-2397	22	311	239700
e-2398	74	361	239800
e-2399	59	365	239900
e-2400	99	706	240000
e-2401	54	738	240100
e-2402	8	858	240200
e-2403	62	326	240300
e-2404	22	282	240400
e-2405	32	559	240500
e-2406	2	776	240600
e-2407	21	641	240700
e-2408	34	242	240800
e-2409	90	20	240900
e-2410	27	48	241000
e-2411	51	458	241100
e-2412	25	914	241200
e-2413	77	289	241300
e-2414	64	663	241400
e-2415	12	201	241500
e-2416	30	751	241600
e-2417	7	986	241700
e-2418	16	615	241800
e-2419	6	81	241900
e-2420	9	828	242000
e-2421	73	349	242100
e-2422	92	139	242200
e-2423	0	192	242300
e-2424	34	549	242400
e-2425	82	896	242500
e-2426	1	655	242600
e-2427	41	945	242700
e-2428	3	217	242800
e-2429	41	334	242900
e-2430	95	27	243000
e-2431	83	497	243100
e-2432	51	624	243200
e-2433	86	819	243300
e-2434	43	178	243400
e-2435	7	884	243500
e-2436	53	815	243600
e-2437	5	89	243700
e-2438	80	627	243800
e-2439	42	794	243900
e-2440	63	612	244000
e-2441	51	263	244100
e-2442	59	894	244200
e-2443	1	26	244300
e-2444	40	577	244400
e-2445	83	320	244500
e-2446	7	425	244600
e-2447	78	727	244700
e-2448	92	854	244800
e-2449	42	160	244900
e-2450	11	19	245000
e-2451	19	215	245100
e-2452	18	542	245200
e-2453	98	860	245300
e-2454	11	366	245400
e-2455	46	433	245500
e-2456	44	551	245600
e-2457	87	602	245700
e-2458	71	157	245800
e-2459	84	616	245900
e-2460	73	338	246000
e-2461	29	758	246100
e-2462	79	264	246200
e-2463	91	489	246300
e-2464	97	32	246400
e-2465	99	662	246500
e-2466	39	667	246600
e-2467	98	562	246700
e-2468	90	464	246800
e-2469	71	284	246900
e-2470	46	535	247000
e-2471	67	963	247100
e-2472	35	135	247200
e-2473	32	9	247300
e-2474	71	487	247400
e-2475	12	671	247500
e-2476	99	371	247600
e-2477	19	643	247700
e-2478	29	410	247800
e-2479	96	92	247900
e-2480	3	639	248000
e-2481	17	125	248100
e-2482	7	556	248200
e-2483	64	209	248300
e-2484	71	796	248400
e-2485	23	265	248500
e-2486	77	374	248600
e-2487	94	152	248700
e-2488	22	891	248800
e-2489	94	876	248900
e-2490	99	165	249000
e-2491	67	29	249100
e-2492	44	796	249200
e-2493	90	248	249300
e-2494	56	880	249400
e-2495	63	218	249500
e-2496	81	934	249600
e-2497	44	922	249700
e-2498	49	471	249800
e-2499	27	331	249900
e-2500	3	110	250000
e-2501	84	750	250100
e-2502	1	67	250200
e-2503	82	935	250300
e-2504	51	690	250400
e-2505	44	61	250500
e-2506	29	577	250600
e-2507	48	419	250700
e-2508	48	967	250800
e-2509	84	642	250900
e-2510	28	31	251000
e-2511	32	21	251100
e-2512	33	726	251200
e-2513	55	247	251300
e-2514	29	362	251400
e-2515	26	333	251500
e-2516	97	435	251600
e-2517	82	285	251700
e-2518	38	900	251800
e-2519	63	221	251900
e-2520	72	809	252000
e-2521	20	488	252100
e-2522	98	273	252200
e-2523	96	139	252300
e-2524	38	289	252400
e-2525	11	339	252500
e-2526	0	497	252600
e-2527	31	165	252700
e-2528	40	699	252800
e-2529	78	611	252900
e-2530	57	217	253000
e-2531	74	53	253100
e-2532	26	871	253200
e-2533	94	369	253300
e-2534	5	798	253400
e-2535	99	884	253500
e-2536	56	186	253600
e-2537	55	884	253700
e-2538	17	958	253800
e-2539	38	701	253900
e-2540	3	824	254000
e-2541	14	155	254100
e-2542	1	136	254200
e-2543	38	154	254300
e-2544	64	753	254400
e-2545	45	99	254500
e-2546	96	172	254600
e-2547	59	699	254700
e-2548	50	92	254800
e-2549	53	347	254900
e-2550	82	940	255000
e-2551	85	733	255100
e-2552	50	903	255200
e-2553	42	916	255300
e-2554	4	599	255400
e-2555	30	206	255500
e-2556	80	706	255600
e-2557	1	38	255700
e-2558	17	516	255800
e-2559	76	237	255900
e-2560	73	440	256000
e-2561	89	107	256100
e-2562	93	20	256200
e-2563	6	915	256300
e-2564	40	66	256400
e-2565	14	123	256500
e-2566	62	993	256600
e-2567	17	538	256700
e-2568	54	2	256800
e-2569	22	229	256900
e-2570	87	553	257000
e-2571	18	648	257100
e-2572	94	558	257200
e-2573	64	115	257300
e-2574	67	362	257400
e-2575	63	980	257500
e-2576	9	357	257600
e-2577	27	873	257700
e-2578	28	748	257800
e-2579	9	279	257900
e-2580	90	181	258000
e-2581	1	270	258100
e-2582	34	70	258200
e-2583	5	201	258300
e-2584	65	49	258400
e-2585	52	808	258500
e-2586	71	974	258600
e-2587	46	273	258700
e-2588	1	333	258800
e-2589	88	42	258900
e-2590	83	464	259000
e-2591	69	288	259100
e-2592	70	338	259200
e-2593	88	420	259300
e-2594	95	734	259400
e-2595	34	408	259500
e-2596	54	325	259600
e-2597	69	429	259700
e-2598	49	996	259800
e-2599	19	396	259900
e-2600	97	394	260000
e-2601	52	823	260100
e-2602	18	919	260200
e-2603	81	5	260300
e-2604	30	622	260400
e-2605	64	948	260500
e-2606	32	710	260600
e-2607	78	747	260700
e-2608	48	246	260800
e-2609	25	679	260900
e-2610	14	88	261000
e-2611	79	802	261100
e-2612	4	930	261200
e-2613	91	50	261300
e-2614	51	710	261400
e-2615	71	332	261500
e-2616	87	661	261600
e-2617	56	562	261700
e-2618	85	323	261800
e-2619	58	994	261900
e-2620	73	0	262000
e-2621	60	764	262100
e-2622	82	873	262200
e-2623	60	522	262300
e-2624	43	606	262400
e-2625	69	389	262500
e-2626	30	844	262600
e-2627	80	810	262700
e-2628	95	890	262800
e-2629	48	363	262900
e-2630	91	65	263000
e-2631	50	999	263100
e-2632	67	272	263200
e-2633	78	675	263300
e-2634	86	846	263400
e-2635	41	73	263500
e-2636	80	816	263600
e-2637	69	680	263700
e-2638	28	946	263800
e-2639	78	783	263900
e-2640	33	268	264000
e-2641	60	878	264100
e-2642	92	356	264200
e-2643	66	603	264300
e-2644	61	584	264400
e-2645	28	145	264500
e-2646	8	949	264600
e-2647	96	541	264700
e-2648	46	536	264800
e-2649	26	540	264900
e-2650	21	832	265000
e-2651	46	244	265100
e-2652	86	176	265200
e-2653	19	841	265300
e-2654	84	471	265400
e-2655	22	655	265500
e-2656	83	888	265600
e-2657	5	329	265700
e-2658	48	370	265800
e-2659	54	125	265900
e-2660	52	157	266000
e-2661	89	257	266100
e-2662	48	105	266200
e-2663	46	365	266300
e-2664	84	822	266400
e-2665	66	533	266500
e-2666	38	463	266600
e-2667	84	90	266700
e-2668	35	405	266800
e-2669	37	456	266900
e-2670	88	114	267000
e-2671	57	649	267100
e-2672	61	748	267200
e-2673	22	777	267300
e-2674	66	153	267400
e-2675	0	696	267500
e-2676	16	375	267600
e-2677	62	533	267700
e-2678	84	243	267800
e-2679	79	379	267900
e-2680	66	348	268000
e-2681	48	258	268100
e-2682	2	569	268200
e-2683	25	0	268300
e-2684	73	265	268400
e-2685	7	604	268500
e-2686	22	313	268600
e-2687	91	557	268700
e-2688	35	938	268800
e-2689	41	261	268900
e-2690	30	271	269000
e-2691	56	93	269100
e-2692	67	651	269200
e-2693	63	879	269300
e-2694	11	206	269400
e-2695	16	433	269500
e-2696	37	632	269600
e-2697	99	380	269700
e-2698	5	734	269800
e-2699	56	384	269900
e-2700	46	42	270000
e-2701	91	771	270100
e-2702	37	993	270200
e-2703	52	441	270300
e-2704	82	622	270400
e-2705	32	360	270500
e-2706	30	394	270600
e-2707	74	132	270700
e-2708	79	196	270800
e-2709	91	594	270900
e-2710	47	64	271000
e-2711	85	208	271100
e-2712	42	880	271200
e-2713	9	81	271300
e-2714	96	456	271400
e-2715	48	402	271500
e-2716	67	424	271600
e-2717	63	958	271700
e-2718	82	775	271800
e-2719	3	110	271900
e-2720	75	577	272000
e-2721	59	957	272100
e-2722	59	717	272200
e-2723	55	424	272300
e-2724	60	180	272400
e-2725	8	450	272500
e-2726	50	503	272600
e-2727	17	524	272700
e-2728	96	844	272800
e-2729	1	686	272900
e-2730	29	758	273000
e-2731	25	411	273100
e-2732	69	41	273200
e-2733	87	301	273300
e-2734	70	338	273400
e-2735	98	396	273500
e-2736	98	470	273600
e-2737	15	92	273700
e-2738	28	868	273800
e-2739	9	584	273900
e-2740	1	104	274000
e-2741	63	90	274100
e-2742	96	220	274200
e-2743	72	465	274300
e-2744	7	843	274400
e-2745	87	204	274500
e-2746	91	343	274600
e-2747	61	883	274700
e-2748	7	563	274800
e-2749	88	765	274900
e-2750	53	863	275000
e-2751	74	143	275100
e-2752	52	836	275200
e-2753	6	892	275300
e-2754	80	149	275400
e-2755	41	342	275500
e-2756	24	530	275600
e-2757	0	190	275700
e-2758	68	281	275800
e-2759	66	268	275900
e-2760	11	320	276000
e-2761	49	261	276100
e-2762	84	879	276200
e-2763	38	569	276300
e-2764	50	523	276400
e-2765	53	697	276500
e-2766	6	314	276600
e-2767	38	254	276700
e-2768	48	821	276800
e-2769	55	877	276900
e-2770	69	263	277000
e-2771	39	206	277100
e-2772	16	53	277200
e-2773	26	549	277300
e-2774	83	382	277400
e-2775	59	672	277500
e-2776	62	726	277600
e-2777	74	144	277700
e-2778	46	952	277800
e-2779	43	205	277900
e-2780	58	941	278000
e-2781	90	569	278100
e-2782	84	52	278200
e-2783	93	321	278300
e-2784	1	545	278400
e-2785	8	418	278500
e-2786	72	843	278600
e-2787	41	36	278700
e-2788	35	224	278800
e-2789	56	298	278900
e-2790	25	727	279000
e-2791	26	821	279100
e-2792	75	625	279200
e-2793	58	415	279300
e-2794	93	455	279400
e-2795	26	899	279500
e-2796	26	59	279600
e-2797	23	444	279700
e-2798	81	127	279800
e-2799	6	140	279900
e-2800	9	833	280000
e-2801	76	509	280100
e-2802	23	14	280200
e-2803	92	574	280300
e-2804	94	819	280400
e-2805	21	510	280500
e-2806	28	690	280600
e-2807	92	691	280700
e-2808	95	301	280800
e-2809	27	547	280900
e-2810	20	149	281000
e-2811	99	939	281100
e-2812	91	211	281200
e-2813	66	103	281300
e-2814	59	97	281400
e-2815	25	803	281500
e-2816	11	973	281600
e-2817	6	424	281700
e-2818	28	674	281800
e-2819	32	723	281900
e-2820	56	702	282000
e-2821	54	158	282100
e-2822	7	946	282200
e-2823	89	136	282300
e-2824	5	163	282400
e-2825	57	300	282500
e-2826	97	238	282600
e-2827	74	816	282700
e-2828	40	723	282800
e-2829	71	736	282900
e-2830	19	316	283000
e-2831	33	332	283100
e-2832	70	861	283200
e-2833	27	155	283300
e-2834	85	236	283400
e-2835	50	997	283500
e-2836	4	335	283600
e-2837	48	159	283700
e-2838	82	298	283800
e-2839	28	670	283900
e-2840	69	710	284000
e-2841	11	202	284100
e-2842	59	152	284200
e-2843	93	188	284300
e-2844	55	341	284400
e-2845	86	411	284500
e-2846	14	39	284600
e-2847	45	125	284700
e-2848	84	945	284800
e-2849	26	671	284900
e-2850	67	538	285000
e-2851	9	297	285100
e-2852	62	356	285200
e-2853	2	768	285300
e-2854	63	910	285400
e-2855	11	205	285500
e-2856	62	286	285600
e-2857	38	612	285700
e-2858	74	553	285800
e-2859	96	90	285900
e-2860	25	143	286000
e-2861	60	277	286100
e-2862	98	914	286200
e-2863	97	865	286300
e-2864	29	592	286400
e-2865	38	33	286500
e-2866	74	613	286600
e-2867	12	990	286700
e-2868	0	352	286800
e-2869	24	967	286900
e-2870	19	672	287000
e-2871	38	51	287100
e-2872	22	341	287200
e-2873	44	460	287300
e-2874	61	253	287400
e-2875	42	760	287500
e-2876	46	183	287600
e-2877	14	806	287700
e-2878	38	828	287800
e-2879	8	741	287900
e-2880	71	465	288000
e-2881	12	764	288100
e-2882	70	115	288200
e-2883	20	609	288300
e-2884	50	472	288400
e-2885	4	34	288500
e-2886	5	525	288600
e-2887	74	99	288700
e-2888	52	662	288800
e-2889	89	135	288900
e-2890	53	591	289000
e-2891	45	78	289100
e-2892	47	745	289200
e-2893	84	751	289300
e-2894	20	368	289400
e-2895	21	678	289500
e-2896	11	339	289600
e-2897	0	862	289700
e-2898	82	894	289800
e-2899	61	310	289900
e-2900	19	267	290000
e-2901	12	109	290100
e-2902	30	119	290200
e-2903	19	508	290300
e-2904	34	548	290400
e-2905	69	120	290500
e-2906	41	479	290600
e-2907	31	167	290700
e-2908	72	548	290800
e-2909	5	518	290900
e-2910	32	375	291000
e-2911	25	290	291100
e-2912	51	568	291200
e-2913	26	130	291300
e-2914	30	744	291400
e-2915	68	513	291500
e-2916	30	911	291600
e-2917	12	15	291700
e-2918	13	965	291800
e-2919	6	500	291900
e-2920	89	584	292000
e-2921	26	705	292100
e-2922	95	234	292200
e-2923	11	768	292300
e-2924	21	157	292400
e-2925	33	31	292500
e-2926	54	402	292600
e-2927	79	530	292700
e-2928	14	298	292800
e-2929	72	911	292900
e-2930	15	86	293000
e-2931	84	592	293100
e-2932	27	239	293200
e-2933	31	609	293300
e-2934	99	802	293400
e-2935	65	727	293500
e-2936	7	841	293600
e-2937	31	74	293700
e-2938	76	345	293800
e-2939	12	42	293900
e-2940	27	633	294000
e-2941	98	708	294100
e-2942	22	834	294200
e-2943	38	350	294300
e-2944	10	830	294400
e-2945	97	472	294500
e-2946	75	942	294600
e-2947	23	11	294700
e-2948	40	962	294800
e-2949	52	805	294900
e-2950	52	33	295000
e-2951	11	807	295100
e-2952	31	151	295200
e-2953	93	523	295300
e-2954	86	171	295400
e-2955	19	816	295500
e-2956	44	788	295600
e-2957	17	208	295700
e-2958	25	947	295800
e-2959	28	702	295900
e-2960	42	725	296000
e-2961	8	2	296100
e-2962	61	38	296200
e-2963	63	538	296300
e-2964	99	337	296400
e-2965	8	769	296500
e-2966	77	651	296600
e-2967	8	203	296700
e-2968	80	51	296800
e-2969	46	805	296900
e-2970	52	94	297000
e-2971	83	734	297100
e-2972	44	596	297200
e-2973	20	822	297300
e-2974	63	688	297400
e-2975	98	763	297500
e-2976	63	138	297600
e-2977	33	848	297700
e-2978	88	959	297800
e-2979	38	926	297900
e-2980	6	762	298000
e-2981	59	852	298100
e-2982	87	604	298200
e-2983	21	445	298300
e-2984	49	844	298400
e-2985	81	803	298500
e-2986	65	306	298600
e-2987	95	983	298700
e-2988	75	544	298800
e-2989	83	968	298900
e-2990	80	118	299000
e-2991	8	991	299100
e-2992	32	768	299200
e-2993	29	245	299300
e-2994	25	601	299400
e-2995	58	575	299500
e-2996	30	898	299600
e-2997	63	588	299700
e-2998	87	910	299800
e-2999	90	51	299900
