engine,workload_id,workload,run_label,events,keys,seed,start_ms,expected_count,actual_count,missing_count,unexpected_count,duplicate_count,passed
flink,w1,identity,,1000,100,7,0,1000,1000,0,0,0,True
flink,w1,identity,,100,100,7,0,100,100,0,0,0,True
flink,w1,identity,rate10,100,100,7,0,100,100,0,0,0,True
flink,w1,identity,rate40,100,100,7,0,100,100,0,0,0,True
flink,w1,identity,repeat1,100,100,7,0,100,100,0,0,0,True
flink,w1,identity,stability_100,180000,100,7,0,180000,180000,0,0,0,True
flink,w1,identity,repeat1,1000,100,7,0,1000,1000,0,0,0,True
flink,w2,filter_map,,1000,100,7,0,513,513,0,0,0,True
flink,w2,filter_map,,100,100,7,0,56,56,0,0,0,True
flink,w2,filter_map,rate10,100,100,7,0,56,56,0,0,0,True
flink,w2,filter_map,rate40,100,100,7,0,56,56,0,0,0,True
flink,w2,filter_map,repeat1,100,100,7,0,56,56,0,0,0,True
flink,w2,filter_map,stability_100,180000,100,7,0,89906,89906,0,0,0,True
flink,w2,filter_map,repeat1,1000,100,7,0,513,513,0,0,0,True
flink,w3,tumbling_count,,1000,100,7,0,199,199,0,0,0,True
flink,w3,tumbling_count,,100,100,7,0,71,71,0,0,0,True
flink,w3,tumbling_count,rate10,100,100,7,0,71,71,0,0,0,True
flink,w3,tumbling_count,rate40,100,100,7,0,71,71,0,0,0,True
flink,w3,tumbling_count,repeat1,100,100,7,0,71,71,0,0,0,True
flink,w3,tumbling_count,stability_100,180000,100,7,0,29924,29924,0,0,0,True
flink,w3,tumbling_count,,180000,100,7,0,29924,0,29924,0,0,False
flink,w3,tumbling_count,tuning_checkpoint10s,100,100,7,0,71,71,0,0,0,True
flink,w3,tumbling_count,,100,100,7,0,71,0,71,0,0,False
flink,w3,tumbling_count,tuning_control,100,100,7,0,71,71,0,0,0,True
flink,w3,tumbling_count,,100,100,7,0,71,0,71,0,0,False
flink,w3,tumbling_count,repeat1,1000,100,7,0,199,199,0,0,0,True
flink,w4,sliding_sum,,1000,100,7,600000,1099,1099,0,0,0,True
flink,w4,sliding_sum,,100,100,7,600000,710,710,0,0,0,True
flink,w4,sliding_sum,rate10,100,100,7,600000,710,710,0,0,0,True
flink,w4,sliding_sum,rate40,100,100,7,600000,710,710,0,0,0,True
flink,w4,sliding_sum,repeat1,100,100,7,600000,710,710,0,0,0,True
flink,w4,sliding_sum,stability_100,180000,100,7,600000,30900,30900,0,0,0,True
flink,w4,sliding_sum,repeat1,1000,100,7,600000,1099,1099,0,0,0,True
flink,w5,stream_stream_join,,1000,100,7,1000,11024,11024,0,0,0,True
flink,w5,stream_stream_join,,100,100,7,1000,186,186,0,0,0,True
flink,w5,stream_stream_join,rate10,100,100,7,1000,186,186,0,0,0,True
flink,w5,stream_stream_join,rate40,100,100,7,1000,186,186,0,0,0,True
flink,w5,stream_stream_join,repeat1,100,100,7,1000,186,186,0,0,0,True
flink,w5,stream_stream_join,repeat1,1000,100,7,1000,11024,11024,0,0,0,True
kafka_streams,w1,identity,,1000,100,7,0,1000,1000,0,0,0,True
kafka_streams,w1,identity,,100,100,7,0,100,100,0,0,0,True
kafka_streams,w1,identity,rate10,100,100,7,0,100,100,0,0,0,True
kafka_streams,w1,identity,rate40,100,100,7,0,100,100,0,0,0,True
kafka_streams,w1,identity,repeat1,100,100,7,0,100,100,0,0,0,True
kafka_streams,w1,identity,resource_metrics,100,100,7,0,100,100,0,0,0,True
kafka_streams,w1,identity,stability_100,180000,100,7,0,180000,180000,0,0,0,True
kafka_streams,w1,identity,repeat1,1000,100,7,0,1000,1000,0,0,0,True
kafka_streams,w2,filter_map,,1000,100,7,0,513,513,0,0,0,True
kafka_streams,w2,filter_map,,100,100,7,0,56,56,0,0,0,True
kafka_streams,w2,filter_map,rate10,100,100,7,0,56,56,0,0,0,True
kafka_streams,w2,filter_map,rate40,100,100,7,0,56,56,0,0,0,True
kafka_streams,w2,filter_map,repeat1,100,100,7,0,56,56,0,0,0,True
kafka_streams,w2,filter_map,resource_metrics,100,100,7,0,56,56,0,0,0,True
kafka_streams,w2,filter_map,stability_100,180000,100,7,0,89906,89906,0,0,0,True
kafka_streams,w2,filter_map,repeat1,1000,100,7,0,513,513,0,0,0,True
kafka_streams,w3,tumbling_count,,1000,100,7,0,199,199,0,0,0,True
kafka_streams,w3,tumbling_count,,100,100,7,0,71,71,0,0,0,True
kafka_streams,w3,tumbling_count,rate10,100,100,7,0,71,71,0,0,0,True
kafka_streams,w3,tumbling_count,rate40,100,100,7,0,71,71,0,0,0,True
kafka_streams,w3,tumbling_count,repeat1,100,100,7,0,71,71,0,0,0,True
kafka_streams,w3,tumbling_count,resource_metrics,100,100,7,0,71,71,0,0,0,True
kafka_streams,w3,tumbling_count,stability_100,180000,100,7,0,29924,29924,0,0,0,True
kafka_streams,w3,tumbling_count,tuning_commit10s,100,100,7,0,71,71,0,0,0,True
kafka_streams,w3,tumbling_count,tuning_control,100,100,7,0,71,71,0,0,0,True
kafka_streams,w3,tumbling_count,repeat1,1000,100,7,0,199,199,0,0,0,True
kafka_streams,w4,sliding_sum,,1000,100,7,600000,1099,1099,0,0,0,True
kafka_streams,w4,sliding_sum,,100,100,7,600000,710,710,0,0,0,True
kafka_streams,w4,sliding_sum,rate10,100,100,7,600000,710,710,0,0,0,True
kafka_streams,w4,sliding_sum,rate40,100,100,7,600000,710,710,0,0,0,True
kafka_streams,w4,sliding_sum,repeat1,100,100,7,600000,710,710,0,0,0,True
kafka_streams,w4,sliding_sum,resource_metrics,100,100,7,600000,710,710,0,0,0,True
kafka_streams,w4,sliding_sum,stability_100,180000,100,7,600000,30900,30900,0,0,0,True
kafka_streams,w4,sliding_sum,repeat1,1000,100,7,600000,1099,1099,0,0,0,True
kafka_streams,w5,stream_stream_join,,1000,100,7,1000,11024,11024,0,0,0,True
kafka_streams,w5,stream_stream_join,,100,100,7,1000,186,186,0,0,0,True
kafka_streams,w5,stream_stream_join,rate10,100,100,7,1000,186,186,0,0,0,True
kafka_streams,w5,stream_stream_join,rate40,100,100,7,1000,186,186,0,0,0,True
kafka_streams,w5,stream_stream_join,repeat1,100,100,7,1000,186,186,0,0,0,True
kafka_streams,w5,stream_stream_join,stability_100,12000,100,7,1000,1093417,1093417,0,0,0,True
kafka_streams,w5,stream_stream_join,repeat1,1000,100,7,1000,11024,11024,0,0,0,True
